-- MySQL dump 10.13  Distrib 5.7.44, for Linux (x86_64)
--
-- Host: localhost    Database: assns
-- ------------------------------------------------------
-- Server version	5.7.44

/*!40101 SET @OLD_CHARACTER_SET_CLIENT=@@CHARACTER_SET_CLIENT */;
/*!40101 SET @OLD_CHARACTER_SET_RESULTS=@@CHARACTER_SET_RESULTS */;
/*!40101 SET @OLD_COLLATION_CONNECTION=@@COLLATION_CONNECTION */;
/*!40101 SET NAMES utf8 */;
/*!40103 SET @OLD_TIME_ZONE=@@TIME_ZONE */;
/*!40103 SET TIME_ZONE='+00:00' */;
/*!40014 SET @OLD_UNIQUE_CHECKS=@@UNIQUE_CHECKS, UNIQUE_CHECKS=0 */;
/*!40014 SET @OLD_FOREIGN_KEY_CHECKS=@@FOREIGN_KEY_CHECKS, FOREIGN_KEY_CHECKS=0 */;
/*!40101 SET @OLD_SQL_MODE=@@SQL_MODE, SQL_MODE='NO_AUTO_VALUE_ON_ZERO' */;
/*!40111 SET @OLD_SQL_NOTES=@@SQL_NOTES, SQL_NOTES=0 */;

--
-- Table structure for table `activitiez`
--

DROP TABLE IF EXISTS `activitiez`;
/*!40101 SET @saved_cs_client     = @@character_set_client */;
/*!40101 SET character_set_client = utf8 */;
CREATE TABLE `activitiez` (
  `actID` int(11) NOT NULL AUTO_INCREMENT,
  `ID` int(11) NOT NULL DEFAULT '0' COMMENT '學校代碼',
  `typez` smallint(6) NOT NULL DEFAULT '0' COMMENT '0)學校 1)協會',
  `actType` smallint(6) NOT NULL DEFAULT '0' COMMENT '第幾屆',
  `title` varchar(200) NOT NULL,
  `description` text NOT NULL,
  `stDate` date NOT NULL DEFAULT '0000-01-01',
  `stTime` varchar(6) NOT NULL COMMENT '格式：18:00',
  `edDate` date NOT NULL DEFAULT '0000-01-01',
  `edTime` varchar(6) NOT NULL COMMENT '格式 18:30',
  `pos` varchar(254) NOT NULL COMMENT '地點',
  `picture` varchar(120) NOT NULL COMMENT '活動圖片',
  `url` varchar(254) NOT NULL,
  `gsUrlID` varchar(120) NOT NULL COMMENT '圖檔sheet ID',
  `extradata` text NOT NULL COMMENT '活動結束後可放置照片網址',
  `isClosed` smallint(6) NOT NULL DEFAULT '0' COMMENT '是否結束報名',
  `admission` smallint(6) NOT NULL DEFAULT '0' COMMENT '0)憑門票入場 Admission by ticket\r\n1)是否需要填健康聲明書\r\nbit mod',
  `cmtID` int(11) NOT NULL DEFAULT '0' COMMENT '委員會代碼',
  `menuID` varchar(200) NOT NULL COMMENT '選單代碼',
  PRIMARY KEY (`actID`)
) ENGINE=InnoDB AUTO_INCREMENT=162 DEFAULT CHARSET=utf8;
/*!40101 SET character_set_client = @saved_cs_client */;

--
-- Dumping data for table `activitiez`
--

LOCK TABLES `activitiez` WRITE;
/*!40000 ALTER TABLE `activitiez` DISABLE KEYS */;
INSERT INTO `activitiez` VALUES (1,1,1,18,'陽明山會務研習','協助本市高職學校家長會會務人員了解臺北市教育團隊政策與理念、健全家長會組織經營發展，提升各校家長會領導團隊及成員參與教育事務之理念與做法，共創教育美好未來。','2019-12-07','08:00','2019-12-07','17:00','陽明山教師研習中心','https://i.imgur.com/uZafEpy.jpg','https://docs.google.com/forms/d/e/1FAIpQLScdizCyNtWfjjRuSa7aVQIeHfc9O1-GuEvCU6waMIu8t4-HXw/viewform','1yyHjUJRoLd1OlYS_PR9HWVR7szu9OuDYHNiQQqIWW2Q','',0,0,1,''),(2,1,1,18,'亞東技術學院參訪','集合地點：元智大樓10樓國際會議廳\r\n交通方式：自行前往，學校不提供交通車\r\n\r\n＊ 若自行開車前往請務必於報名表上填寫車號，否則將無法進入學校停車','2019-12-12','09:00','2019-12-12','12:00','新北市板橋區四川路二段58號','https://i.imgur.com/ZrbAZp4.jpg','https://forms.gle/cq1ykGCajSxgKQUH9','1yyHjUJRoLd1OlYS_PR9HWVR7szu9OuDYHNiQQqIWW2Q','車號（若自行開車，否則打無）;素食',0,0,0,''),(3,1,1,18,'高職聯18屆授證餐會','18屆授證典禮','2019-12-17','17:00','2019-12-17','21:30','大直點華5F繁華廳','https://i.imgur.com/459Ux4N.jpg','','1yyHjUJRoLd1OlYS_PR9HWVR7szu9OuDYHNiQQqIWW2Q','吃素嗎;自行開車嗎',0,0,0,''),(4,1,1,18,'高職聯士林農會參訪','職農教育','2019-12-18','09:00','2019-12-18','19:00','士林農會','https://i.imgur.com/yupxfPm.jpg','','','',0,1,0,''),(5,26,0,1,'景文中學50週年校慶','校慶','2019-12-14','08:30','2019-12-14','12:00','景文中學','https://i.imgur.com/mueaY2P.jpg','','','',0,0,0,''),(6,2,1,18,'高中聯包高中活動','包高中','2019-12-25','09:00','2019-12-25','12:00','臺北市孔廟','https://i.imgur.com/mwu1HpN.jpg','','','',0,0,0,''),(7,1,1,18,'海洋科技大學參訪活動','參訪活動','2019-12-27','09:00','2019-12-27','12:00','海洋科技大學士林校區','https://i.imgur.com/SRdIUU9.png','','','車號（若自行開車，否則打無）;需要素食',0,0,0,''),(8,2,1,18,'新課綱時代怎麼教？如何學？','新課綱教育強調素養，強調孩子能夠自主行動、溝通表達，與他人互動共好，我們能夠如何引導孩子探索知識，學會思考與解決問題，陪伴他們認識自己與探索未來？','2019-12-21','14:00','2019-12-21','16:00','麗山高中','https://i.imgur.com/xBDZPTK.png','https://www.accupass.com/event/1912041354264219526980','','年齡;就讀學校',0,0,0,''),(9,3,1,18,'18屆聯合授證典禮','18屆授證典禮','2019-12-24','13:00','2019-12-24','5:30','臺北市青少年發展處6樓','https://i.imgur.com/0hMXWGC.png','','','吃素嗎',0,0,0,''),(10,1,1,18,'歲末狂歡歌唱會','歲末迎新送舊KTV歡唱會～','2020-01-18','17:00','2020-01-18','21:00','星聚點－復興館','https://i.imgur.com/MBjO8Yj.png','','','',0,0,3,''),(11,1,1,18,'統測祈福活動','三年鬥魂統測制霸-為所有本市的應屆高職畢業生舉行盛大的祈福儀式，讓平常努力的學生們，透過在臺北市孔廟舉行之「臺北市高職畢業生『三年鬥魂 統測制霸』統測祈福活動中」，增加信心及定心，並在心靈及精神上獲得各界賦予的智慧福分，使得每位參與本次祈福的高職畢業生，面對考試時，都能達到滿意的成績，金榜題名，順利考上心目中理想的學校。','2020-04-14','08:00','2020-04-14','12:00','台北市孔廟','https://i.imgur.com/8bejPpL.png','','1wMr2BTkgFdauwPbprj72_QPt6xoPl1bhoDrP-SGMgIM','https://forms.gle/mVDVEJMeN4q7wkpYA',0,0,1,''),(12,1,1,18,'致理科技大學參訪活動','參加人員：\r\n葉阿松總會長、高薇薇副總會長、黃明德副總會長、林國雄副總會長、林麗雪總召、鍾毓倫常務理事、賴雅菁理事、張非錯監事、劉智漢秘書長、蔡文文副秘書長、林莉溱副秘書長、張嫚芳副秘書長、蔡佳君顧問、林世全前副總會長、陳泰有','2020-02-19','09:00','2020-02-19','12:00','新北市板橋區文化路一段313號','https://i.imgur.com/HRCJWzE.jpg','','1yyHjUJRoLd1OlYS_PR9HWVR7szu9OuDYHNiQQqIWW2Q','車號（若自行開車，否則打無）;需要素食',0,0,0,''),(13,1,1,18,'德明財經科大參訪活動','活動參與人員：\r\n葉阿松總會長、高薇薇副總會長、林國雄副總會長、鍾毓倫常務理事、賴雅菁理事、周雅蘋理事、劉智漢秘書長、林莉溱副秘書長、張嫚芳副秘書長、蔡佳君顧問','2020-02-26','09:00','2020-02-26','12:00','台北市內湖區環山路一段56號','https://i.imgur.com/lBScziB.jpg','','1yyHjUJRoLd1OlYS_PR9HWVR7szu9OuDYHNiQQqIWW2Q','車號（若自行開車，否則打無）;需要素食\r\nhttps://forms.gle/dR7QhTk798mCqBvcA',0,0,0,''),(14,5,1,4,'第二次理監事會議','','2011-01-24','09:00','2011-01-24','12:00','','','','19XLq7P3PsIHFUdog6_tBjJJo7_3bRyYHzwwujDKFCXE','https://docs.google.com/spreadsheets/d/19XLq7P3PsIHFUdog6_tBjJJo7_3bRyYHzwwujDKFCXE/edit?usp=sharing',1,0,0,''),(15,5,1,5,'第5屆第二次理監事會議','','2013-01-26','09:00','2013-01-26','12:00','','','','19XLq7P3PsIHFUdog6_tBjJJo7_3bRyYHzwwujDKFCXE','https://docs.google.com/spreadsheets/d/19XLq7P3PsIHFUdog6_tBjJJo7_3bRyYHzwwujDKFCXE/edit?usp=sharing',1,0,0,''),(16,5,1,6,'第六屆第一次會員大會','','2014-12-28','09:00','2014-12-28','12:00','','','','','https://docs.google.com/spreadsheets/d/19XLq7P3PsIHFUdog6_tBjJJo7_3bRyYHzwwujDKFCXE/edit?usp=sharing',1,0,0,''),(17,5,1,6,'第六屆第一次理監事聯席會議','','2015-03-21','09:00','2015-03-21','12:00','','','','19XLq7P3PsIHFUdog6_tBjJJo7_3bRyYHzwwujDKFCXE','https://docs.google.com/spreadsheets/d/19XLq7P3PsIHFUdog6_tBjJJo7_3bRyYHzwwujDKFCXE/edit?usp=sharing',1,0,0,''),(18,5,1,6,'第六屆第二次理監事聯席會議暨旅遊活動','','2015-05-31','09:00','2015-05-31','12:00','','','','19XLq7P3PsIHFUdog6_tBjJJo7_3bRyYHzwwujDKFCXE','https://docs.google.com/spreadsheets/d/19XLq7P3PsIHFUdog6_tBjJJo7_3bRyYHzwwujDKFCXE/edit?usp=sharing',1,0,0,''),(19,5,1,6,'第六屆拜訪吳清山國教署署長','','2015-03-04','09:00','2015-03-04','12:00','','','','19XLq7P3PsIHFUdog6_tBjJJo7_3bRyYHzwwujDKFCXE','https://docs.google.com/spreadsheets/d/19XLq7P3PsIHFUdog6_tBjJJo7_3bRyYHzwwujDKFCXE/edit?usp=sharing',1,0,0,''),(20,5,1,6,'第六屆第一次常務理監事聯席會議','','2015-03-04','09:00','2015-03-04','12:00','','','','19XLq7P3PsIHFUdog6_tBjJJo7_3bRyYHzwwujDKFCXE','https://docs.google.com/spreadsheets/d/19XLq7P3PsIHFUdog6_tBjJJo7_3bRyYHzwwujDKFCXE/edit?usp=sharing',1,0,0,''),(21,5,1,6,'第六屆第二次常務理監事聯席會議','','2015-03-04','09:00','2015-03-04','12:00','','','','19XLq7P3PsIHFUdog6_tBjJJo7_3bRyYHzwwujDKFCXE','https://docs.google.com/spreadsheets/d/19XLq7P3PsIHFUdog6_tBjJJo7_3bRyYHzwwujDKFCXE/edit?usp=sharing',1,0,0,''),(22,5,1,6,'第六屆參訪中原大學','','2015-03-04','09:00','2015-03-04','12:00','','','','19XLq7P3PsIHFUdog6_tBjJJo7_3bRyYHzwwujDKFCXE','https://docs.google.com/spreadsheets/d/19XLq7P3PsIHFUdog6_tBjJJo7_3bRyYHzwwujDKFCXE/edit?usp=sharing',1,0,0,''),(23,5,1,6,'第六屆拜訪桃園市鄭文燦市長','','2015-03-04','09:00','2015-03-04','12:00','','','','19XLq7P3PsIHFUdog6_tBjJJo7_3bRyYHzwwujDKFCXE','https://docs.google.com/spreadsheets/d/19XLq7P3PsIHFUdog6_tBjJJo7_3bRyYHzwwujDKFCXE/edit?usp=sharing',1,0,0,''),(24,5,1,6,'第六屆第三次理監事聯席會議','','2015-08-02','09:00','2015-08-02','12:00','','','','1ClvVjUbhc1S-F6a7yKiuNcPXBmvZNunnAE3z7a9o1Cw','https://docs.google.com/spreadsheets/d/19XLq7P3PsIHFUdog6_tBjJJo7_3bRyYHzwwujDKFCXE/edit?usp=sharing',1,0,0,''),(25,5,1,6,'第六屆全國新卸任校長交接典禮','','2015-08-01','09:00','2015-08-01','12:00','','','','1aiGhcMqBML6nAftrDWWa255EiOIY2buRBe5S5DKRiAk','https://docs.google.com/spreadsheets/d/19XLq7P3PsIHFUdog6_tBjJJo7_3bRyYHzwwujDKFCXE/edit?usp=sharing',1,0,0,''),(26,5,1,6,'第六屆第一次法制事務委員會議','','2015-09-05','09:00','2015-09-05','12:00','','','','19XLq7P3PsIHFUdog6_tBjJJo7_3bRyYHzwwujDKFCXE','https://docs.google.com/spreadsheets/d/19XLq7P3PsIHFUdog6_tBjJJo7_3bRyYHzwwujDKFCXE/edit?usp=sharing',1,0,0,''),(27,5,1,8,'第八屆第一次會員大會','','2018-12-23','09:00','2018-12-23','12:00','','https://i.imgur.com/c7lPBCq.jpg','','19XLq7P3PsIHFUdog6_tBjJJo7_3bRyYHzwwujDKFCXE','https://docs.google.com/spreadsheets/d/19XLq7P3PsIHFUdog6_tBjJJo7_3bRyYHzwwujDKFCXE/edit?usp=sharing',1,0,0,''),(28,1,1,18,'第一次常務理監事會議','','2019-11-18','09:00','2019-11-18','12:00','開平餐飲學校','https://i.imgur.com/6kMKBlb.jpg','','1yyHjUJRoLd1OlYS_PR9HWVR7szu9OuDYHNiQQqIWW2Q','',1,0,0,''),(29,1,1,18,'興雅國小校友會春酒','參加人員：葉阿松總會長、黃明德副總會長、郭柏峰常務理事、鍾毓倫常務理事、賴雅菁理事、吳嘉蕙理事、林紋妃會長、劉智漢秘書長','2020-02-16','12:00','2020-02-16','14:30','鑫饗宴（3樓雲海廳）','https://i.imgur.com/vD6T9WK.jpg','','1yyHjUJRoLd1OlYS_PR9HWVR7szu9OuDYHNiQQqIWW2Q','',0,0,0,''),(30,1,1,18,'孔廟包高中活動一籌會議','參加人員：\r\n葉阿松總會長、黃明德副總會長、鍾毓倫總召、賴雅菁副召、郭柏峰委員、林麗雪委員、張非錯監事、劉智漢秘書長、蔡文文副秘書長、林莉溱副秘書長、張嫚芳副秘書長、劉德舜顧問','2020-02-19','14:00','2020-02-19','16:00','台北市大同區大龍街275號','https://i.imgur.com/AOMLA2g.jpg','','1yyHjUJRoLd1OlYS_PR9HWVR7szu9OuDYHNiQQqIWW2Q','',0,0,0,''),(31,1,1,18,'伯大尼兒少家園參訪','參加人員：葉阿松總會長、黃明德副總會長、鍾毓倫常務理事、賴雅菁理事、吳嘉蕙理事、梁作娟監事、張非錯監事','2020-01-21','14:00','2020-01-21','17:00','伯大尼兒少家園','https://i.imgur.com/mrRM57e.jpg','','1yyHjUJRoLd1OlYS_PR9HWVR7szu9OuDYHNiQQqIWW2Q','',0,0,1,''),(32,5,1,6,'第六屆第四次理監事會暨陽明山一日遊','','2015-09-20','09:00','2015-09-20','18:00','','https://i.imgur.com/ZPzmmpQ.jpg','','19XLq7P3PsIHFUdog6_tBjJJo7_3bRyYHzwwujDKFCXE','https://docs.google.com/spreadsheets/d/19XLq7P3PsIHFUdog6_tBjJJo7_3bRyYHzwwujDKFCXE/edit?usp=sharing',1,0,0,''),(33,5,1,6,'第二次法制事務委員會議','','2015-10-14','09:00','2015-10-14','18:00','','https://i.imgur.com/ikEooLI.jpg','','19XLq7P3PsIHFUdog6_tBjJJo7_3bRyYHzwwujDKFCXE','https://docs.google.com/spreadsheets/d/19XLq7P3PsIHFUdog6_tBjJJo7_3bRyYHzwwujDKFCXE/edit?usp=sharing',1,0,0,''),(34,5,1,6,'吳清山前署長成立111教育發展協進會','','2015-11-01','09:00','2015-11-01','18:00','','https://i.imgur.com/voB7qJZ.jpg','','19XLq7P3PsIHFUdog6_tBjJJo7_3bRyYHzwwujDKFCXE','https://docs.google.com/spreadsheets/d/19XLq7P3PsIHFUdog6_tBjJJo7_3bRyYHzwwujDKFCXE/edit?usp=sharing',1,0,0,''),(35,5,1,6,'第五次理監事會暨台科大參訪','','2015-11-24','09:00','2015-11-24','12:00','','https://i.imgur.com/NU4s9sH.jpg','','19XLq7P3PsIHFUdog6_tBjJJo7_3bRyYHzwwujDKFCXE','https://docs.google.com/spreadsheets/d/19XLq7P3PsIHFUdog6_tBjJJo7_3bRyYHzwwujDKFCXE/edit?usp=sharing',1,0,0,''),(36,5,1,6,'第二次會員大會暨辦理教育論壇','','2015-12-26','09:00','2015-12-26','12:00','','https://i.imgur.com/CNbVjVo.jpg','','19XLq7P3PsIHFUdog6_tBjJJo7_3bRyYHzwwujDKFCXE','https://docs.google.com/spreadsheets/d/19XLq7P3PsIHFUdog6_tBjJJo7_3bRyYHzwwujDKFCXE/edit?usp=sharing',1,0,0,''),(37,5,1,6,'第六次理監事聯席會議暨北市大参訪','','2016-04-11','09:00','2016-04-11','12:00','','https://i.imgur.com/Jd8BbHZ.jpg','','19XLq7P3PsIHFUdog6_tBjJJo7_3bRyYHzwwujDKFCXE','https://docs.google.com/spreadsheets/d/19XLq7P3PsIHFUdog6_tBjJJo7_3bRyYHzwwujDKFCXE/edit?usp=sharing',1,0,0,''),(38,5,1,6,'第七次理監事聯席會','','2016-05-11','09:00','2016-05-11','12:00','','https://i.imgur.com/c75GLpE.jpg','','19XLq7P3PsIHFUdog6_tBjJJo7_3bRyYHzwwujDKFCXE','https://docs.google.com/spreadsheets/d/19XLq7P3PsIHFUdog6_tBjJJo7_3bRyYHzwwujDKFCXE/edit?usp=sharing',1,0,0,''),(39,5,1,6,'第二次常務理監事聯席會','','2016-06-11','09:00','2016-06-11','12:00','','https://i.imgur.com/1t0WVMY.jpg','','19XLq7P3PsIHFUdog6_tBjJJo7_3bRyYHzwwujDKFCXE','https://docs.google.com/spreadsheets/d/19XLq7P3PsIHFUdog6_tBjJJo7_3bRyYHzwwujDKFCXE/edit?usp=sharing',1,0,0,''),(40,5,1,6,'第八次理監事聯席會議及實踐大學參訪','','2016-08-11','09:00','2016-08-11','12:00','','https://i.imgur.com/eNCcevo.jpg','','19XLq7P3PsIHFUdog6_tBjJJo7_3bRyYHzwwujDKFCXE','https://docs.google.com/spreadsheets/d/19XLq7P3PsIHFUdog6_tBjJJo7_3bRyYHzwwujDKFCXE/edit?usp=sharing',1,0,0,''),(41,5,1,6,'政治大學參訪','','2016-10-11','09:00','2016-10-11','12:00','','https://i.imgur.com/X9Gwu8S.jpg','','19XLq7P3PsIHFUdog6_tBjJJo7_3bRyYHzwwujDKFCXE','https://docs.google.com/spreadsheets/d/19XLq7P3PsIHFUdog6_tBjJJo7_3bRyYHzwwujDKFCXE/edit?usp=sharing',1,0,0,''),(42,5,1,7,'第一次常務理事會','','2017-02-11','09:00','2017-02-11','12:00','','https://i.imgur.com/hXvr1o9.jpg','','1UIMUx42-48lDuDLImbGYM1QxoT1crTIs1-7MsTKxtgU','',1,0,0,''),(43,5,1,7,'授證典禮','','2017-03-11','09:00','2017-03-11','12:00','','https://i.imgur.com/5bZNVjF.jpg','','1UIMUx42-48lDuDLImbGYM1QxoT1crTIs1-7MsTKxtgU','',1,0,0,''),(44,5,1,7,'第一次理監事聯席會','','2017-01-20','09:00','2017-01-20','12:00','','https://i.imgur.com/Dhgsywa.jpg','','1UIMUx42-48lDuDLImbGYM1QxoT1crTIs1-7MsTKxtgU','',1,0,0,''),(45,5,1,7,'世界人權宣言活動','','2017-01-29','09:00','2017-01-29','12:00','','https://i.imgur.com/Zuy6EdO.jpg','','1UIMUx42-48lDuDLImbGYM1QxoT1crTIs1-7MsTKxtgU','',1,0,0,''),(46,5,1,7,'員林高中校慶','','2017-02-01','09:00','2017-02-01','12:00','','https://i.imgur.com/YFeDuLy.jpg','','1UIMUx42-48lDuDLImbGYM1QxoT1crTIs1-7MsTKxtgU','',1,0,0,''),(47,5,1,7,'智光商工校慶','','2017-02-10','09:00','2017-02-10','12:00','','https://i.imgur.com/VxloNQl.jpg','','1UIMUx42-48lDuDLImbGYM1QxoT1crTIs1-7MsTKxtgU','',1,0,0,''),(48,5,1,7,'高中聯合會思辨會','','2017-02-20','09:00','2017-02-20','12:00','','https://i.imgur.com/kaW4vwu.jpg','','1UIMUx42-48lDuDLImbGYM1QxoT1crTIs1-7MsTKxtgU','',1,0,0,''),(49,5,1,7,'文山特教校慶','','2018-03-01','09:00','2018-03-01','12:00','','https://i.imgur.com/r8XTiAV.jpg','','1UIMUx42-48lDuDLImbGYM1QxoT1crTIs1-7MsTKxtgU','',1,0,0,''),(50,5,1,7,'啟聰100週年校慶','','2018-03-10','09:00','2018-03-10','12:00','','https://i.imgur.com/iAsmLJE.jpg','','1UIMUx42-48lDuDLImbGYM1QxoT1crTIs1-7MsTKxtgU','',1,0,0,''),(51,5,1,7,'第二次理監事會議及溪頭米堤二日遊','','2018-05-10','09:00','2018-05-10','12:00','','https://i.imgur.com/JcWIai8.jpg','','1UIMUx42-48lDuDLImbGYM1QxoT1crTIs1-7MsTKxtgU','',1,0,0,''),(52,3,1,18,'109校長遴選研習會議（取消）','【因應武漢肺炎影響，本活動已取消】\r\n\r\n為協助本年度出校長會員學校，順利遴選校長，導教學團隊，優化學生學習，特舉辦此遴選研習，敬請本年度及明年度各出缺校長會員學校，務必派員出席。','2020-03-20','13:30','2020-03-20','17:00','','https://i.imgur.com/NrA20JK.jpg','','','https://forms.gle/33VFCdBQRH111wUo9',0,0,1,''),(53,1,1,18,'景文科技大學參訪活動','交通方式：自行前往或搭乘大眾交通工具或交通車\r\n         交通車預計：7：50捷運圓山2號出口上車，8：20捷運國父紀念館站4 號出口上\r\n＊ 當天校方提供簡易餐盒','2020-03-12','09:00','2020-03-12','12:00','231新北市新店區安忠路99號','https://i.imgur.com/XK9eXN4.jpg','','1yyHjUJRoLd1OlYS_PR9HWVR7szu9OuDYHNiQQqIWW2Q','車號（若自行開車，否則打無）;需要素食\r\nhttps://forms.gle/dR7QhTk798mCqBvcA\r\nhttps://forms.gle/u3nfZAhp4hv9fwGTA',0,0,0,''),(54,1,1,18,'中國科技大學參訪活動','交通方式：自行前往或搭乘大眾交通工具\r\n＊當天校方提供簡易餐盒','2020-03-20','09:00','2020-03-20','12:00','116台北市文山區興隆路三段56號','https://i.imgur.com/cNYP40n.jpg','','1yyHjUJRoLd1OlYS_PR9HWVR7szu9OuDYHNiQQqIWW2Q','車號（若自行開車，否則打無）;需要素食\r\nhttps://forms.gle/1TRVuUbRwoH9dXZ87\r\n',0,0,0,''),(55,5,1,7,'午膳群英會','','2018-05-12','09:00','2018-05-12','12:00','','https://i.imgur.com/iHGUqg6.jpg','','1UIMUx42-48lDuDLImbGYM1QxoT1crTIs1-7MsTKxtgU','',1,0,0,''),(56,5,1,7,'反毒公益講座','','2018-05-13','09:00','2018-05-13','12:00','','https://i.imgur.com/qCLn2vM.jpg','','1UIMUx42-48lDuDLImbGYM1QxoT1crTIs1-7MsTKxtgU','',1,0,0,''),(57,5,1,7,'台北海洋科技大學畢業典禮','','2018-06-13','09:00','2018-06-13','12:00','','https://i.imgur.com/vzeM5lI.jpg','','1UIMUx42-48lDuDLImbGYM1QxoT1crTIs1-7MsTKxtgU','',1,0,0,''),(58,5,1,7,'台北海洋技術學院改制揭牌典禮','','2018-06-19','09:00','2018-06-19','12:00','','https://i.imgur.com/9kk0r9R.jpg','','1UIMUx42-48lDuDLImbGYM1QxoT1crTIs1-7MsTKxtgU','',1,0,0,''),(59,5,1,7,'國立宜蘭大學知性之旅','','2018-06-29','09:00','2018-06-29','12:00','','https://i.imgur.com/VAYqqmy.jpg','','1UIMUx42-48lDuDLImbGYM1QxoT1crTIs1-7MsTKxtgU','',1,0,0,''),(60,5,1,7,'東方光商技職達人活動','','2018-07-29','09:00','2018-07-29','12:00','','https://i.imgur.com/gd445Pq.jpg','','1UIMUx42-48lDuDLImbGYM1QxoT1crTIs1-7MsTKxtgU','',1,0,0,''),(61,5,1,7,'第三次理監事聯席會暨中和高中參訪及蔬食推廣活動','','2018-08-29','09:00','2018-08-29','12:00','','https://i.imgur.com/HQW3xOh.jpg','','1UIMUx42-48lDuDLImbGYM1QxoT1crTIs1-7MsTKxtgU','',1,0,0,''),(62,5,1,7,'參訪聯合大學及逢甲大學','','2018-08-30','09:00','2018-08-30','12:00','','https://i.imgur.com/8zCnUPB.jpg','','1UIMUx42-48lDuDLImbGYM1QxoT1crTIs1-7MsTKxtgU','',1,0,0,''),(63,5,1,7,'景文高中校慶','','2018-09-13','09:00','2018-09-13','12:00','','https://i.imgur.com/VV7bpH4.jpg','','1UIMUx42-48lDuDLImbGYM1QxoT1crTIs1-7MsTKxtgU','',1,0,0,''),(64,5,1,7,'106年歲末聯歡','','2018-11-13','09:00','2018-11-13','12:00','','https://i.imgur.com/03umGrB.jpg','','1UIMUx42-48lDuDLImbGYM1QxoT1crTIs1-7MsTKxtgU','',1,0,0,''),(65,5,1,7,'參訪國立台北大學','','2018-11-20','09:00','2018-11-20','12:00','','https://i.imgur.com/RjGa0Uz.jpg','','1UIMUx42-48lDuDLImbGYM1QxoT1crTIs1-7MsTKxtgU','',1,0,0,''),(66,5,1,7,'文山特教16週年校慶','','2018-12-20','09:00','2018-12-20','12:00','','https://i.imgur.com/IpnJ9bG.jpg','','1UIMUx42-48lDuDLImbGYM1QxoT1crTIs1-7MsTKxtgU','',1,0,0,''),(67,5,1,7,'卓蘭高中會前場勘','','2018-12-22','09:00','2018-12-22','12:00','','https://i.imgur.com/76wfSBa.jpg','','1UIMUx42-48lDuDLImbGYM1QxoT1crTIs1-7MsTKxtgU','',1,0,0,''),(68,5,1,7,'第五次理監事聯席會','','2018-12-29','09:00','2018-12-29','12:00','','https://i.imgur.com/P0PsFDq.jpg','','1UIMUx42-48lDuDLImbGYM1QxoT1crTIs1-7MsTKxtgU','',1,0,0,''),(69,5,1,7,'第八次理監事聯席會議','','2018-12-30','09:00','2018-12-30','12:00','','https://i.imgur.com/cW6Mzm1.jpg','','1UIMUx42-48lDuDLImbGYM1QxoT1crTIs1-7MsTKxtgU','',1,0,0,''),(70,1,1,18,'高職新課綱技職產學微課程啟動儀式活動','參加人員：\r\n葉阿松總會長、鍾毓倫常務理事、賴雅菁理事、康建斌理事、吳嘉蕙理事、張非錯監事','2020-03-03','11:00','2020-03-03','12:00','國立臺北科技大學（台北市大安區忠孝東路三段1號）','https://i.imgur.com/S7TG4RZ.jpg','','1yyHjUJRoLd1OlYS_PR9HWVR7szu9OuDYHNiQQqIWW2Q','',0,0,0,''),(71,1,1,18,'聖約翰科技大學參訪活動','因疫情關係，活動已取消','2020-03-31','09:00','2020-03-31','12:00','251新北市淡水區淡金路四段499號','https://i.imgur.com/0xA9hZ6.jpg','','','車號（若自行開車，否則打無）;需要素食\r\nhttps://forms.gle/xyW51HyCi43GkCWo8',0,0,0,''),(72,1,1,18,'3、4月份慶生會','各位親愛的夥伴，高職聯慶生會謹訂於「3/13下午5點」於錢櫃西門店舉辦，讓3、4月的壽星們感受到大家給予的祝福。','2020-03-15','17:00','2020-03-15','21:00','錢櫃西門店','https://i.imgur.com/qbgqSia.jpg','','1yyHjUJRoLd1OlYS_PR9HWVR7szu9OuDYHNiQQqIWW2Q','https://i.imgur.com/MBjO8Yj.png',0,1,3,''),(73,1,1,18,'18屆第二次理監事會議','高職聯第二次理監事會議','2020-03-27','18:00','2020-03-27','21:00','中國科技大學','https://i.imgur.com/ECC4i26.jpg','','1yyHjUJRoLd1OlYS_PR9HWVR7szu9OuDYHNiQQqIWW2Q','',0,1,3,''),(74,5,1,8,'文山特教107學年度忘年會','','2018-12-25','09:00','2018-12-25','12:00','','https://i.imgur.com/eLxQGgh.jpg','','1Kw4Ht8KXHI1oih47nDXniEWCNi1z-ddx2QYUvC9hzu4','https://docs.google.com/spreadsheets/d/19XLq7P3PsIHFUdog6_tBjJJo7_3bRyYHzwwujDKFCXE/edit?usp=sharing',1,0,0,''),(75,3,1,18,'第二次理監事聯席會議','','2020-03-17','18:30','2020-03-17','21:00','景文高中','https://i.imgur.com/sNjxX1p.jpg','','1OWzVQy6E_cNjuA9eKpmgzCbnQrXd1wJByh1ppHCNNIU','',0,0,1,''),(76,1,1,18,'金山淨灘活動','交通方式：自行開車至指定地方集合','2020-03-22','14:00','2020-03-22','16:00','金山青年活動中心','https://i.imgur.com/bAJgGMe.jpg','','1yyHjUJRoLd1OlYS_PR9HWVR7szu9OuDYHNiQQqIWW2Q','',0,0,0,''),(77,1,1,18,'教育委員會第二次會議','參加人員：\r\n葉阿松總會長、高薇薇副總會長、林國雄副總會長、賴雅菁總召、郭柏峰常務理事、陳玉雪副秘書長','2020-03-25','14:00','2020-03-25','16:00','德明財經科技大學','https://i.imgur.com/T3rbkHA.jpg','','1yyHjUJRoLd1OlYS_PR9HWVR7szu9OuDYHNiQQqIWW2Q','',0,0,0,''),(78,1,1,18,'龍華科技大學參訪活動','參加人員：葉阿松總會長、高薇薇副總會長、林國雄副總會長、林麗雪總召、郭柏峰常務理事、鍾毓倫常務理事、賴雅菁理事、吳嘉蕙理事、梁作娟監事、蕭慧君財務長、林莉溱副秘書長、張嫚芳副秘書長、蔡佳君顧問','2020-04-17','09:00','2020-04-17','12:00','桃園市龜山區萬壽路一段300號','https://i.imgur.com/Kr2VcO5.jpg','','1yyHjUJRoLd1OlYS_PR9HWVR7szu9OuDYHNiQQqIWW2Q','https://i.imgur.com/f5qaN4e.jpg\r\n校方提供交通車，亦可自行前往或搭乘大眾交通工具搭乘交通車於圓山捷運站2號出口 8:00 準時開車（請注意時間）',0,0,0,''),(79,1,1,18,'孔廟包高中活動二籌會議','參加人員：\r\n葉阿松總會長、高薇薇副總會長、黃明德副總會長、林國雄副總會長、鍾毓倫總召、賴雅菁副召、吳嘉蕙委員、陳乃甄委員、林紋妃委員、梁作娟監事、李淑華副秘書長、林莉溱副秘書長、陳玉雪副秘書長、劉德舜顧問','2020-03-27','17:00','2020-03-27','18:00','中國科技大學','https://i.imgur.com/xvu8e1j.jpg','','1yyHjUJRoLd1OlYS_PR9HWVR7szu9OuDYHNiQQqIWW2Q','',0,0,0,''),(80,1,1,18,'孔廟包高中活動三籌會議','參加人員：\r\n葉阿松總會長、高薇薇副總會長、黃明德副總會長、林國雄副總會長、鍾毓倫總召、賴雅菁副召、吳嘉蕙委員、林麗雪委員、郭柏峰常務理事、林莉溱副秘書長、陳玉雪副秘書長、李淑華副秘書長、劉德舜顧問、立法委員助理李煥中','2020-04-08','14:00','2020-04-08','17:00','臺北市孔廟','https://i.imgur.com/5JQPIum.jpg','','1yyHjUJRoLd1OlYS_PR9HWVR7szu9OuDYHNiQQqIWW2Q','',0,0,0,''),(81,1,1,18,'城市科技大學參訪活動','參加人員：葉阿松總會長、高薇薇副總會長、林國雄副總會長、林麗雪總召、鍾毓倫常務理事、賴雅菁理事、吳嘉蕙理事、康健斌理事、梁作娟監事、張非錯監事、陳嘉偉會長、蕭慧君財務長、蔡文文副秘書長、林莉溱副秘書長','2020-05-15','08:40','2020-05-15','12:00','112台北市北投區學園路2號','https://i.imgur.com/kHN3KT4.jpg','','1yyHjUJRoLd1OlYS_PR9HWVR7szu9OuDYHNiQQqIWW2Q','\r\nhttps://i.imgur.com/XLTd1Xi.png\r\nhttps://forms.gle/JrPrVtR94o4psmtV6',0,0,0,''),(82,1,1,18,'教育委員會第四次會議','地點：德明財經科技大學\r\n參加人員：\r\n葉阿松總會長、高薇薇副總會長、黃明德副總會長、林國雄副總會長、賴雅菁總召、林麗雪委員、郭柏峰常務理事、鍾毓倫常務理事、吳嘉蕙理事、梁作娟監事、陳玉雪副秘書長','2020-05-13','14:00','2020-05-13','16:00','德明財經科技大學','https://i.imgur.com/nAEesJ2.jpg','','1yyHjUJRoLd1OlYS_PR9HWVR7szu9OuDYHNiQQqIWW2Q','1yyHjUJRoLd1OlYS_PR9HWVR7szu9OuDYHNiQQqIWW2Q',0,0,0,''),(83,1,1,18,'109學年度『統測落點分析及如何考上理想科大』講座','主辦：教育委員會\r\n地點：德明財經科技大學','2020-05-22','18:00','2020-05-22','21:30','德明財經科技大學','https://i.imgur.com/qi3DfmV.png','','1yyHjUJRoLd1OlYS_PR9HWVR7szu9OuDYHNiQQqIWW2Q','1yyHjUJRoLd1OlYS_PR9HWVR7szu9OuDYHNiQQqIWW2Q\r\n\r\nhttps://forms.gle/vTZFxswzDoMBZVme6',0,0,0,''),(84,1,1,18,'東南科技大學參訪活動','葉阿松總會長、高薇薇副總會長、林國雄副總會長、林麗雪總召、鍾毓倫常務理事、賴雅菁理事、吳嘉蕙理事、梁作娟監事、張非錯監事、劉智漢秘書長、蕭慧君財務長、蔡文文副秘書長、林莉溱副秘書長、蔡佳君顧問、美芝顧問、許淑華顧問','2020-05-08','09:00','2020-05-08','12:00','222新北市深坑區北深路三段152號\r\n交通方式：校方提供交通車，亦可自行前往或搭乘大眾交通工具。搭乘交通車於圓山捷運站2號出口  8:00 準時開車（請注意時間）','https://i.imgur.com/mpj2CWz.png','','1yyHjUJRoLd1OlYS_PR9HWVR7szu9OuDYHNiQQqIWW2Q','https://forms.gle/se4cndDo15VUazU66',0,0,0,''),(85,1,1,18,'明新科技大學參訪','地點：鴻超樓 地址:304新竹縣新豐鄉新興路1號\r\n交通： 開車、騎機車請停學校停車場\r\n接駁：【備交通車】集合時間及上車地點另行通知','2020-06-02','08:40','2020-06-02','14:50','304新竹縣新豐鄉新興路1號','https://i.imgur.com/rlGNzeK.png','','1yyHjUJRoLd1OlYS_PR9HWVR7szu9OuDYHNiQQqIWW2Q','1yyHjUJRoLd1OlYS_PR9HWVR7szu9OuDYHNiQQqIWW2Q\r\nhttps://forms.gle/JdcL1cukX1R4DdqN8',0,0,0,''),(86,3,1,18,'109年基北區免試入學志願選填與適性輔導（2）','為協助孩子以最優成績入選最適學習環境，本會12年國教委員會敬依孟峯總會長指導，企劃「109選填志願分析講座」力邀對志願選填規則制度熟稔的～中崙高中-孫明峯校長，蒞會講授。\r\n\r\n敬請伙伴們轉達訊息，提醒家長預留時間出席。\r\n講師：孫明峯 中崙高中校長\r\n人數：99人/額滿即止','2020-06-20','14:00','2020-06-20','16:00','臺北市仁愛國中','https://i.imgur.com/mCmv6Lv.jpg','','1OWzVQy6E_cNjuA9eKpmgzCbnQrXd1wJByh1ppHCNNIU','https://forms.gle/s7WXGKw75536t3Zd8,1SMC5qrAvmskCPOhHo0zSntVTbMhHpro1V4zsMrQkCdw\r\n\r\nhttps://forms.gle/s7WXGKw75536t3Zd8',0,0,1,''),(87,3,1,18,'109年基北區免試入學志願選填與適性輔導（1）','為協助孩子以最優成績入選最適學習環境，本會12年國教委員會敬依孟峯總會長指導，企劃「109選填志願分析講座」力邀對志願選填規則制度熟稔的～中崙高中-孫明峯校長，蒞會講授。','2020-06-18','19:00','2020-06-18','21:00','臺北市建成國中','https://i.imgur.com/181g4KR.jpg','','','https://i.imgur.com/3ut4HTA.jpg\r\n\r\nhttps://forms.gle/33VFCdBQRH111wUo9',0,0,1,''),(88,3,1,18,'第三次理監事聯席會議','','2020-06-02','17:00','2020-06-02','19:00','誠正國中','https://i.imgur.com/AaR7zgN.jpg','','1OWzVQy6E_cNjuA9eKpmgzCbnQrXd1wJByh1ppHCNNIU','1OWzVQy6E_cNjuA9eKpmgzCbnQrXd1wJByh1ppHCNNIU',0,0,1,''),(89,3,1,18,'福安國中參訪活動','','2020-07-01','09:00','2020-07-01','16:00','福安國中','https://i.imgur.com/GvS7Xn2.jpg','','1OWzVQy6E_cNjuA9eKpmgzCbnQrXd1wJByh1ppHCNNIU','',0,0,1,''),(90,3,1,18,'YoungerBoss親子技職體驗營','','2020-08-23','09:00','2020-08-23','19:00','私立大同高中','https://i.imgur.com/WpY8z3k.jpg','http://www.jhupat.org.tw/#!/jhupat/youngerboss','','1OWzVQy6E_cNjuA9eKpmgzCbnQrXd1wJByh1ppHCNNIU',0,0,1,''),(91,3,1,18,'YoungerBoss親子技職體驗營籌備說明會','','2020-07-02','14:00','2020-07-02','16:00','私立大同高中','https://i.imgur.com/jtdj8UG.jpg','','1OWzVQy6E_cNjuA9eKpmgzCbnQrXd1wJByh1ppHCNNIU','',0,0,1,''),(92,1,1,18,'公關及特教委員會聯席會議','','2020-07-06','18:40','2020-07-06','14:50','金甌女中808會議室','https://i.imgur.com/lS8Ld3s.jpg','','1yyHjUJRoLd1OlYS_PR9HWVR7szu9OuDYHNiQQqIWW2Q','',0,0,0,''),(93,5,1,8,'第五次理監事聯席會','地點：中國科技大學','2020-07-11','09:00','2018-07-11','12:00','中國科技大學','https://i.imgur.com/AfhtFqy.jpg','','1Kw4Ht8KXHI1oih47nDXniEWCNi1z-ddx2QYUvC9hzu4','https://docs.google.com/spreadsheets/d/19XLq7P3PsIHFUdog6_tBjJJo7_3bRyYHzwwujDKFCXE/edit?usp=sharing',1,0,0,''),(94,1,1,18,'在信任的基礎上，親子關係更親密講座','','2020-08-04','10:00','2020-08-04','12:00','大直典華','https://i.imgur.com/V7UXoor.jpg','','1yyHjUJRoLd1OlYS_PR9HWVR7szu9OuDYHNiQQqIWW2Q','',0,0,0,''),(95,5,1,8,'大誠高中51周年校慶','','2018-12-28','09:00','2018-12-28','12:00','','https://i.imgur.com/ltfRZEf.jpg','','19XLq7P3PsIHFUdog6_tBjJJo7_3bRyYHzwwujDKFCXE','https://docs.google.com/spreadsheets/d/19XLq7P3PsIHFUdog6_tBjJJo7_3bRyYHzwwujDKFCXE/edit?usp=sharing',1,0,0,''),(96,1,1,18,'18屆第三次理監事會議','高職聯第三次理監事會議','2020-08-12','18:00','2020-08-12','21:00','馬場台菜熱炒','https://i.imgur.com/FvHY0w1.jpg','','1yyHjUJRoLd1OlYS_PR9HWVR7szu9OuDYHNiQQqIWW2Q','',0,1,3,''),(97,1,1,18,'祖父母節慶祝活動','祖父母節慶祝活動','2020-08-23','08:30','2020-08-23','12:00','台北市立動物園','https://i.imgur.com/yIt5SwO.jpg','','1yyHjUJRoLd1OlYS_PR9HWVR7szu9OuDYHNiQQqIWW2Q','',0,1,3,''),(98,1,1,18,'教育委員會第五次會議','地點：松山工農','2020-09-24','17:00','2020-09-24','18:00','松山工農','https://i.imgur.com/mKXTHRV.jpg','','1yyHjUJRoLd1OlYS_PR9HWVR7szu9OuDYHNiQQqIWW2Q','1yyHjUJRoLd1OlYS_PR9HWVR7szu9OuDYHNiQQqIWW2Q',0,0,0,''),(99,5,1,8,'第六次理監事聯席會議','地點：淡江大學宜蘭校區','2020-08-22','11:00','2018-08-22','12:30','淡江大學宜蘭校區','https://i.imgur.com/cvwZYGG.jpg','','1Kw4Ht8KXHI1oih47nDXniEWCNi1z-ddx2QYUvC9hzu4','https://docs.google.com/spreadsheets/d/19XLq7P3PsIHFUdog6_tBjJJo7_3bRyYHzwwujDKFCXE/edit?usp=sharing',1,0,0,''),(100,5,1,8,'第二次會員代表大會暨歲末聯誼','晶宴民生會館B2圓劇場','2019-12-28','10:00','2019-12-28','12:30','晶宴民生會館B2圓劇場','https://i.imgur.com/yyqiMkQ.jpg','','1Kw4Ht8KXHI1oih47nDXniEWCNi1z-ddx2QYUvC9hzu4','https://docs.google.com/spreadsheets/d/19XLq7P3PsIHFUdog6_tBjJJo7_3bRyYHzwwujDKFCXE/edit?usp=sharing',1,0,0,''),(101,1,1,18,'19屆陽明山會務研習','協助本市高職學校家長會會務人員了解臺北市教育團隊政策與理念、健全家長會組織經營發展，提升各校家長會領導團隊及成員參與教育事務之理念與做法，共創教育美好未來。','2020-10-24','09:00','2020-10-24','17:00','陽明山教師研習中心','https://i.imgur.com/JU1gIFf.jpg','','1yyHjUJRoLd1OlYS_PR9HWVR7szu9OuDYHNiQQqIWW2Q','',0,0,1,''),(102,5,1,8,'第七次理監事聯席會議','地點：私立大同高中','2020-10-25','10:00','2018-10-25','12:30','私立大同高中','https://i.imgur.com/l3wb3gc.jpg','','1Kw4Ht8KXHI1oih47nDXniEWCNi1z-ddx2QYUvC9hzu4','https://docs.google.com/spreadsheets/d/19XLq7P3PsIHFUdog6_tBjJJo7_3bRyYHzwwujDKFCXE/edit?usp=sharing',1,0,0,''),(103,5,1,8,'秋陽金柿、雲水森林一日遊','地點：新竹、苗栗','2020-09-12','07:00','2018-09-12','17:30','新竹、苗栗','https://i.imgur.com/aKj9GUH.jpg','','1Kw4Ht8KXHI1oih47nDXniEWCNi1z-ddx2QYUvC9hzu4','https://docs.google.com/spreadsheets/d/19XLq7P3PsIHFUdog6_tBjJJo7_3bRyYHzwwujDKFCXE/edit?usp=sharing',1,0,0,''),(104,1,1,19,'19屆第一次會員代表大會','會員代表大會','2020-10-22','17:00','2020-10-22','09:00','木柵高工','https://i.imgur.com/PQTUqFZ.jpg','','1Litrb_dt_uosZAN-CqPcKi-cKphHf9YaioDfgfv5aAU','',0,0,1,''),(105,3,1,19,'19屆會員代表大會','','2020-11-08','14:00','2020-11-08','17:00','明國國中','https://i.imgur.com/oKtr1Tb.jpg','','1aiGhcMqBML6nAftrDWWa255EiOIY2buRBe5S5DKRiAk','',0,0,1,''),(106,3,1,19,'19屆第一次理監事聯席會議','選舉常務理監事','2020-11-25','18:00','2020-11-25','21:00','介壽國中','https://i.imgur.com/H30hAk2.jpg','','1aiGhcMqBML6nAftrDWWa255EiOIY2buRBe5S5DKRiAk','',0,0,1,''),(107,5,1,8,'宜長協研習活動','地點：宜蘭山多利大飯店','2020-12-29','10:00','2020-12-29','12:30','山多利大飯店','https://i.imgur.com/DWUefIE.jpg','','1Kw4Ht8KXHI1oih47nDXniEWCNi1z-ddx2QYUvC9hzu4','https://docs.google.com/spreadsheets/d/19XLq7P3PsIHFUdog6_tBjJJo7_3bRyYHzwwujDKFCXE/edit?usp=sharing',1,0,0,''),(108,3,1,19,'秘書處工作會議','','2020-12-09','17:00','2020-12-09','19:00','都一處','https://i.imgur.com/3KGq730.jpg','','1aiGhcMqBML6nAftrDWWa255EiOIY2buRBe5S5DKRiAk','',0,0,1,''),(109,3,0,19,'2021 YoungerBoss親子技職體驗營（停辦）','協助孩子確定學習目的與方向，幫助學生確認專長能力，找出最適就讀學校啟發學習動力，俾助學生一路昂首闊步於滿滿自信與成就感中，邁向彩色人生。\r\n活動網址：http://www.jhupat.org.tw/youngerboss/','2021-05-30','08:00','2021-05-30','17:00','臺北市私立泰北高級中學','https://i.imgur.com/efUjbn2.jpg','','','',0,3,1,'richmenu-d3cec79ad7f48e0c78f2c6b174322b4e'),(110,3,0,19,'校際聯誼-技職學校參訪列車(一)','手作杏仁脆餅-\r\n拼逗趣-訓練手眼協調和耐力 靜心 專注當下\r\n竉物造型-創藝考驗 回味學生生活與學習\r\n校園巡禮-情境教室 專業教學 職業接軌\r\n品嚐學生主廚料理～古早風味餐\r\n最夯400次咖啡～美好的Ending\r\n～體驗學習 讓我們沈澱自己\r\n～再出發 幫助家長和孩子','2021-01-12','08:30','2021-01-12','13:30','喬治高職','https://i.imgur.com/gj9VPLM.jpg','','1aiGhcMqBML6nAftrDWWa255EiOIY2buRBe5S5DKRiAk','',0,3,1,'richmenu-d3cec79ad7f48e0c78f2c6b174322b4e'),(111,3,0,19,'四學程聯合授證典禮','感謝 教育局長官指導籌辦\r\n感謝 四學程理監事支持配合\r\n感謝 國中聯秘書處伙伴們全場強支援\r\n感謝 椿樺顧問 全場攝影紀錄\r\n感謝「踫！樂團」阿卡貝拉暖場 好好聽～','2021-01-21','13:30','2021-01-21','16:30','','https://i.imgur.com/qQETbFp.jpg','','1aiGhcMqBML6nAftrDWWa255EiOIY2buRBe5S5DKRiAk','',0,3,1,'richmenu-d3cec79ad7f48e0c78f2c6b174322b4e'),(112,3,0,19,'技職參訪列車2','','2021-01-23','08:30','2021-01-23','12:30','稻江護家','https://i.imgur.com/jcuHz70.jpg','','1aiGhcMqBML6nAftrDWWa255EiOIY2buRBe5S5DKRiAk','',0,3,1,'richmenu-d3cec79ad7f48e0c78f2c6b174322b4e'),(113,3,1,19,'2021春酒暨理監事聯歡餐會','會前～2021Youngerboss科大策展座談會\r\n感謝科大校長群力挺 2021Youngerboss\r\n感謝 宋全娟總會長 張嬿宜監事長 \r\n吳政鴻 劉一寬 宋茵紫三位副總會長\r\n贊助餐費 宴請伙伴\r\n聯歡餐會還是要有教育意義的活動','2021-03-04','18:30','2021-03-04','21:00','88樂章','https://i.imgur.com/6kjffdq.jpg','','1aiGhcMqBML6nAftrDWWa255EiOIY2buRBe5S5DKRiAk','https://docs.google.com/spreadsheets/d/19XLq7P3PsIHFUdog6_tBjJJo7_3bRyYHzwwujDKFCXE/edit?usp=sharing',1,0,0,''),(114,3,1,19,'110校長遴選研習座談會','','2021-03-13','18:30','2021-03-13','21:00','','https://i.imgur.com/JXGUYvU.jpg','','1aiGhcMqBML6nAftrDWWa255EiOIY2buRBe5S5DKRiAk','https://docs.google.com/spreadsheets/d/19XLq7P3PsIHFUdog6_tBjJJo7_3bRyYHzwwujDKFCXE/edit?usp=sharing',1,0,0,''),(115,3,1,19,'第19＆20屆迎新送舊相見歡','感謝19屆伙伴們的付出\r\n歡迎20屆伙伴們加入團隊\r\n團結 和諧 共好～一切為孩子\r\n感謝全場服務的椿樺顧問 為活動留下美好畫面與回憶～\r\n感謝秘書處伙伴協助打點餐會庶務','2021-10-21','18:30','2021-10-21','21:00','88樂章','https://i.imgur.com/QWrCPXc.jpg','','1aiGhcMqBML6nAftrDWWa255EiOIY2buRBe5S5DKRiAk','https://docs.google.com/spreadsheets/d/19XLq7P3PsIHFUdog6_tBjJJo7_3bRyYHzwwujDKFCXE/edit?usp=sharing',1,0,0,''),(116,3,1,20,'第20屆新任會長會務研習營','1 聯合會組織介紹：宋全娟總會長\r\n2 會長角色定位：劉一寬副總會長\r\n3 志工團隊經營：林倩鈺前監事長\r\n4 家長會領導統御：林曉儀榮譽總會長\r\n5 議事規則運作：吳稚猛執行長\r\n6 財務管理實務：曾靜娟秘書長\r\n感謝來自各校近80位新任伙伴用心參與，感謝所有講師傾囊相授「教育無他，惟愛與榜樣」辛苦大家了 不管教與學 相信大家都有所收穫～預祝20旗開得勝 各校會務興順','2021-10-16','08:30','2021-10-16','17:00','教師研習中心','https://i.imgur.com/d38nNJT.jpg','','1aiGhcMqBML6nAftrDWWa255EiOIY2buRBe5S5DKRiAk','https://docs.google.com/spreadsheets/d/19XLq7P3PsIHFUdog6_tBjJJo7_3bRyYHzwwujDKFCXE/edit?usp=sharing',1,0,0,''),(117,3,1,20,'20屆國中聯合會授證典禮暨感恩聯誼餐會','','2021-12-27','18:00','2021-12-27','22:00','大直典華5樓繁華似錦廳','https://i.imgur.com/vcmf1jw.png','','1k_pqx7eyguqzI-mC3LIY9g6jeK163OSDRaqXxJB77cw','',1,0,0,''),(118,3,1,20,'第一次理監事聯席會議','','2021-12-07','18:30','2021-12-07','21:00','國中聯合會會所','https://i.imgur.com/f5vlrWB.jpg','','1k_pqx7eyguqzI-mC3LIY9g6jeK163OSDRaqXxJB77cw','',1,0,0,''),(119,3,1,20,'校長遴選座談會','','2022-02-23','18:30','2022-02-23','21:00','國中聯合會會所','https://i.imgur.com/v8G8LDo.jpg','','1k_pqx7eyguqzI-mC3LIY9g6jeK163OSDRaqXxJB77cw','',1,0,0,''),(120,3,1,20,'國中聯春酒聯歡晚會','活動地點：囍宴軒（小巨蛋2號出口）','2022-03-10','18:30','2022-03-10','21:00','國中聯合會會所','https://i.imgur.com/2Df7jvZ.jpg','','1k_pqx7eyguqzI-mC3LIY9g6jeK163OSDRaqXxJB77cw','',1,0,7,''),(121,8,1,16,'高職聯授證典禮','臺北市高職學生家長會聯合會（簡稱高職聯）於3月4日假萬華格萊天漾大飯店舉辦第二十屆理監事授證暨會長聯誼餐會。 \r\n台北市家長會長協會周季平理事長及夥伴們一起前往祝賀，備禮恭賀同為協會成員的會長蕭揚江接任總會長、會長蔡巧貴榮任監事長當選殊榮。\r\n台北市副市長黃珊珊、教育局長曾燦金、立委蔣萬安、林奕華等嘉賓蒞臨盛會，尤其曾局長親頒當選證書，足見對高職教育的重視。現場400多位嘉賓、各校校長、家長、貴賓相見歡，賀客盈門熱鬧交流教育心得，為高職聯授證暨會長聯誼餐會，劃下完美句點，活動圓滿成功！','2022-03-04','17:30','2022-03-04','21:00','格萊天漾大飯店格萊廳','https://i.imgur.com/XEOg776.jpg','','17oYnEWDQCgQcyXHPZsTmSfju1PyrPbshIEziKVBpn3I','',1,0,7,''),(122,8,1,16,'捐贈防護衣','我們是熱心教育關懷公益的團體，在疫情期間略盡綿薄，捐贈物資期許讓第一線辛苦的防疫人員受到保護，防護衣是保障防疫人員接觸感染源的最重要盾牌，您們的安全我們關心，謹代表全體家長夥伴致上最深敬意!\r\n感謝各位英雄；因為您們的辛苦付出，讓我們更安全!\r\n台北市家長會長協會做該做的事!','2022-02-15','17:30','2022-02-15','21:00','','https://i.imgur.com/Eyk3Rmp.jpg','','17oYnEWDQCgQcyXHPZsTmSfju1PyrPbshIEziKVBpn3I','',1,0,7,''),(123,8,1,16,'高中聯授證典禮','「璀璨雙十 夢想起飛 適性揚才 光焰萬丈」 \r\n臺北市高中學生家長會聯合會（簡稱高中聯）於1月15日假大直典華舉辦第20屆總會長、監事長及理監事等聯合授證典禮暨感恩聯誼餐會。 \r\n台北市家長會長協會周季平理事長帶領夥伴們參加盛會，祝賀中崙高中張文川會長接任第20屆高中聯總會長及理監事們的聯合授證。\r\n今疫情升溫防疫措施不馬虎，更要嚴謹的執行，防疫做的好，歡聚免添擾！\r\n大家遵守規則：入場貼標註記、噴酒精、測體溫、不隨意離座竄談、離席配戴口罩、不逐桌敬酒或敬茶。 \r\n在泰北高中同學帶來的舞龍舞獅表演揭開活動序幕，會長們出場及授證頒獎順利，時間控制得宜，為高中聯授證暨感恩餐會，劃下完美句點，活動圓滿成功！','2022-01-15','17:30','2022-01-15','21:00','大直典華旗艦店花田盛事廳','https://i.imgur.com/VzDABnp.jpg','','17oYnEWDQCgQcyXHPZsTmSfju1PyrPbshIEziKVBpn3I','',1,0,7,''),(124,8,1,16,'國中聯授證典禮','臺北市國中學生家長會聯合會（簡稱國中聯）於12月27日假大直典華舉辦第20屆授證典禮暨感恩聯誼餐會，活動圓滿成功！\r\n台北市家長會長協會周季平理事長帶領夥伴們參加國中聯授證餐會，給予當選此屆總會長暨理監事團隊祝賀！\r\n近50所國中校長與家長會團體、貴賓們一起出席盛會，黃珊珊副市長、蔣萬安、林奕華立委、吳世正議員亦於百忙中蒞臨，席開75桌，似盛大的嘉年華會，熱鬧非凡。新的學年度由總會長劉一寬帶領新團隊攜手正式啟動接軌第20屆國中聯合會，為國中教育與福利促進校與校、家長與家長及政府機關之間的橋樑。','2021-12-27','17:30','2021-12-27','21:00','大直典華5樓繁花似錦廳','https://i.imgur.com/gM7zT7f.jpg','','17oYnEWDQCgQcyXHPZsTmSfju1PyrPbshIEziKVBpn3I','',1,0,7,''),(125,8,1,16,'國小聯授證典禮','#臺北市國小學生家長會聯合會（簡稱國小聯）於1月9日假大直典華舉辦第20屆總會長、監事長及理監事等聯合授證典禮暨感恩餐會，席開超過百桌，活動圓滿成功！\r\n#台北市家長會長協會周季平理事長帶領理監事夥伴們到場祝賀，現場近百所國小校長與家長會長團體、貴賓們及蔡炳坤、黃珊珊副市長、蔣萬安、林奕華立委、吳世正議員等亦出席盛會。因疫情有升溫得嚴加控管，防疫規範自今起維持二級，在場長官不斷呼籲大家做好及配合防疫措施，讓疫情控制得宜。\r\n#由天母國小廖哲豪會長接任第20屆總會長，活動的主題是「蔚藍天空」，呼應「璀璨20  航向未來」的slogan，整體以航空人員的裝扮為主，以廖總會長為首扮機長、帶領副駕駛、座艙長、空服、地勤（監事長、理監事）等人員ㄧ一盛裝出場，令人耳目一新。活動內容將各校會長們分東西南北區，個別帶來的團體表演精彩萬分，充分感受到小學會長們的熱情與活力十足。\r\n教育是百年樹人大業，在廖總會長帶領全台北市國小家長會會長們，相信能一起為教育政策做好政府、學校、家長間的橋樑，為孩子創造優質的就學環境，奠定良好的學習基礎、航向未來越飛越高！\r\n#防疫規範配合要做好，口罩戴好戴滿、不逐桌敬酒敬茶，盼疫情早日散去！','2022-01-09','17:30','2022-01-09','21:00','大直典華6樓花田好事廳','https://i.imgur.com/rCjLrTQ.jpg','','17oYnEWDQCgQcyXHPZsTmSfju1PyrPbshIEziKVBpn3I','',1,0,7,''),(126,3,1,20,'第三次理監事聯席會議','','2022-07-13','16:00','2022-07-13','18:00','瑠公國中','https://i.imgur.com/rCQn90t.jpg','','1k_pqx7eyguqzI-mC3LIY9g6jeK163OSDRaqXxJB77cw','',1,0,0,''),(127,3,1,20,'第二次理監事聯席會議','','2022-03-21','18:30','2022-03-21','21:00','士林國中','https://i.imgur.com/cWfPURA.jpg','','1k_pqx7eyguqzI-mC3LIY9g6jeK163OSDRaqXxJB77cw','',1,0,0,''),(128,3,1,20,'食安訪視及座談','','2022-08-15','09:00','2022-08-15','18:00','','https://i.imgur.com/fsg5NoI.jpg','','1k_pqx7eyguqzI-mC3LIY9g6jeK163OSDRaqXxJB77cw','',1,0,0,''),(129,3,1,20,'與市長有約','','2022-08-08','09:00','2022-08-08','18:00','臺北市政府','https://i.imgur.com/kS9YQVt.jpg','','1k_pqx7eyguqzI-mC3LIY9g6jeK163OSDRaqXxJB77cw','',1,0,0,''),(130,3,1,20,'親子講座－高效能親子溝通術','','2022-08-20','09:30','2022-08-20','11:00','中國科大','https://i.imgur.com/p5ehi1f.jpg','','1k_pqx7eyguqzI-mC3LIY9g6jeK163OSDRaqXxJB77cw','',1,0,0,''),(131,3,1,20,'聯合傳情幸福中秋','','2022-09-07','09:30','2022-09-08','11:00','啟明學校','https://i.imgur.com/YX7UIe1.jpg','','1k_pqx7eyguqzI-mC3LIY9g6jeK163OSDRaqXxJB77cw','',1,0,0,''),(132,8,1,16,'邊田庒誓師大會','','2020-06-13','17:30','2020-06-13','21:00','邊田庒','https://i.imgur.com/qmal5gP.jpg','','17oYnEWDQCgQcyXHPZsTmSfju1PyrPbshIEziKVBpn3I','',1,0,7,''),(133,8,1,16,'第16屆會員代表大會','','2020-07-04','08:30','2020-07-04','12:00','東新國小','https://i.imgur.com/Tjo2EA2.jpg','','17oYnEWDQCgQcyXHPZsTmSfju1PyrPbshIEziKVBpn3I','',1,0,7,''),(134,8,1,16,'第一次理監事會議','','2020-07-31','08:30','2020-07-31','12:00','','https://i.imgur.com/Lg5jnUy.jpg','','17oYnEWDQCgQcyXHPZsTmSfju1PyrPbshIEziKVBpn3I','',1,0,7,''),(135,8,1,16,'親子桌球聯誼賽','','2020-08-15','08:30','2020-08-15','17:00','麗山國中','https://i.imgur.com/YpHUiEU.jpg','','17oYnEWDQCgQcyXHPZsTmSfju1PyrPbshIEziKVBpn3I','',1,0,7,''),(136,8,1,16,'台灣無人機產業聯盟成立大會','台灣無人機產業聯盟成立大會圓滿成功\r\n10月21日台北市家長會長協會受邀參加於南港展覽館展舉辦的台灣無人機產業聯盟成立大會，現場嘉賓雲集，結合了產官學各界卓越菁英一起蒞臨盛會！\r\n       由台灣區電機電子工業同業公會（簡稱電電公會）理事長 李詩欽、民航局副局長林俊良、國貿局主秘戴婉蓉致詞揭開活動序幕。四位發起人電電公會常務理事游文光、台灣車聯網產業協會總顧問吳盟分、光電科技工業協進會董事長邰中和、台灣無人機應用發展協會理事長馮渤，於致詞時對台灣無人機產業發展與運用充滿期待，會場也展示了8架無人機飛行及無人機熱帶雨林東帝汶咖啡鑑賞！\r\n       季平理事長同時也是台灣無人機應用發展協會創會理事，他表示：未來會將兩會資源整合、聯合活動、產業交流。\r\n台灣無人機產業聯盟自10月21日至23日於南港展覽館「2020台灣國際電子製造聯合展覽會」期間，舉辦國際無人機解決方案論壇活動。','2020-10-21','08:30','2020-10-21','17:00','南港展覽館','https://i.imgur.com/7dOvfCG.jpg','','17oYnEWDQCgQcyXHPZsTmSfju1PyrPbshIEziKVBpn3I','',1,0,7,''),(137,8,1,16,'立法院陳情－萊豬退出校園','捍衛孩子的食安 禁止萊豬進校園\r\n10月21日上午九時三十分台北市家長會長協會季平理事長帶領協會會長幹部們與其他家長團體，一起赴立法院請願。\r\n為表達政府即將開放萊豬進口，但政策法令尚未完善下，對18歲之前的孩子在學校用餐的食安問題感到憂慮。訴求食安不分藍綠、教育不分藍綠，修正法令萊豬禁入校園，維護孩子食的安心，是今日赴立法院請願修法要捍衛的主張！\r\n會後接受媒體採訪，季平理事長表示：小朋友是沒有選擇的，它所有的營養午餐裡面，吃的到底是從哪邊來的豬肉，小朋友是沒有辦法辨識的，我想甚至於可能連學校的老師，甚至採購也都沒有完全的辨識能力，那誰能夠替我們把關，誰能夠替我們辨識呢，就是我們的政府。希望政府正視問題，將法令規範與罰則明訂，讓廠商有法依循，保護孩子，讓家長們放心。','2020-10-22','08:30','2020-10-22','12:00','立法院','https://i.imgur.com/9tIW8Cy.jpg','','17oYnEWDQCgQcyXHPZsTmSfju1PyrPbshIEziKVBpn3I','',1,0,7,''),(138,8,1,16,'16屆授證典禮','第16屆新任理事長周季平以值班服務生期勉自己與新任理(監)事、會員及顧問團，將台北市家長會長協會打造成一個全新的社會團體.','2020-09-20','18:30','2020-09-20','21:00','大直典華','https://i.imgur.com/ygeIZY3.jpg','','17oYnEWDQCgQcyXHPZsTmSfju1PyrPbshIEziKVBpn3I','',1,0,7,''),(139,3,1,20,'20.21相見歡','','2022-10-21','18:30','2022-10-21','21:00','鉅星匯國際宴會廳2樓','https://i.imgur.com/U5bzdSV.jpg','','1k_pqx7eyguqzI-mC3LIY9g6jeK163OSDRaqXxJB77cw','',1,0,0,''),(140,3,1,20,'陽明山會務研習','','2022-10-29','08:30','2022-10-29','16:00','教師研習中心','https://i.imgur.com/mgrZFxn.jpg','','1k_pqx7eyguqzI-mC3LIY9g6jeK163OSDRaqXxJB77cw','',1,0,0,''),(141,3,1,20,'第四次理監事會議','','2022-10-31','15:30','2022-10-31','18:00','臺北市政府二樓 N202 會議室','https://i.imgur.com/1RWGim4.jpg','','1k_pqx7eyguqzI-mC3LIY9g6jeK163OSDRaqXxJB77cw','',1,0,0,''),(142,3,1,21,'第21屆第一次會員大會','','2022-11-21','13:30','2022-11-21','18:00','中崙高中','https://i.imgur.com/kJC1W5g.jpg','','1K5C-xQi5JQm4jIh5b_n3ORy9u87v_085l-uFVpi5n44','',1,0,0,''),(143,3,1,21,'第一次理監事聯席會','1、常務理監事選舉\r\n2、成立各工作委員會','2022-12-08','18:30','2022-12-08','21:00','中正國中','https://i.imgur.com/rj70gSB.jpg','','1K5C-xQi5JQm4jIh5b_n3ORy9u87v_085l-uFVpi5n44','',1,0,0,''),(144,3,1,21,'21屆授證餐會','','2023-01-14','17:30','2023-01-14','21:00','大直典華飯店6樓／內湖植福路8號','https://i.imgur.com/kwAcN9v.png','','1K5C-xQi5JQm4jIh5b_n3ORy9u87v_085l-uFVpi5n44','',1,0,0,''),(145,3,1,21,'春酒聯誼餐會','地點：天成飯店1樓-天采廳（5:30開始報到）\r\n受邀對象：21屆會長、代表、校長','2023-03-08','18:00','2023-03-08','21:00','台北市忠孝西路一段43號','https://i.imgur.com/c4mpPiV.png','','1K5C-xQi5JQm4jIh5b_n3ORy9u87v_085l-uFVpi5n44','',1,0,0,''),(146,3,1,21,'112校長遴選座談會','','2023-02-21','18:30','2023-02-21','20:30','台北市家庭教育中心402教室(台北市吉林路110號4樓)','https://i.imgur.com/EDeY7yk.jpg','','1K5C-xQi5JQm4jIh5b_n3ORy9u87v_085l-uFVpi5n44','',1,0,0,''),(147,3,1,21,'食安參訪活動','預計人數：30名（參加人員需分攤團體保險保費）\r\n主辦：衛生健康委員會','2023-03-14','07:40','2023-03-14','13:00','集合地點：行天宮捷運站3號出口','https://i.imgur.com/FXfbEho.jpg','','1K5C-xQi5JQm4jIh5b_n3ORy9u87v_085l-uFVpi5n44','',1,0,0,''),(148,3,1,21,'後疫情時代座談會','','2023-03-07','18:30','2023-03-07','21:00','張榮發基金會','https://i.imgur.com/fQWGCJm.jpg','','1K5C-xQi5JQm4jIh5b_n3ORy9u87v_085l-uFVpi5n44','',1,0,0,''),(149,3,1,21,'國中會考趨勢分析與複習策略專題講座-英語+數學','','2023-04-15','13:30','2023-04-15','17:00','臺北市立中正國民中學','https://i.imgur.com/fkoOcv2.png','','1K5C-xQi5JQm4jIh5b_n3ORy9u87v_085l-uFVpi5n44','',1,0,0,''),(150,3,1,21,'【從青少年危機行為談自我保護與因應】講座','講師：吉靜如（士林地方法院少年調查保護官）','2023-04-23','13:00','2023-04-23','17:00','臺北市立南門國中 活動中心（地址：台北市中正區廣州街6號）','https://i.imgur.com/SaXu1jp.jpg','','1K5C-xQi5JQm4jIh5b_n3ORy9u87v_085l-uFVpi5n44','',1,0,0,''),(151,3,1,21,'112 學年度臺北市國中學生家長會會務專修研習班','研習對象：本市公、私立國中學生家長會會長及會務人員','2023-04-22','08:30','2023-04-23','16:10','臺北市教師研習中心（臺北市北投區建國街2號）','','','1K5C-xQi5JQm4jIh5b_n3ORy9u87v_085l-uFVpi5n44','',1,0,0,''),(152,3,1,21,'台北農產參訪及座談會-農藥快檢中心','參加對象：學生家長會會長、會務人員及家長','2023-08-16','09:00','2023-08-16','13:00','統合農場/北農','','','1K5C-xQi5JQm4jIh5b_n3ORy9u87v_085l-uFVpi5n44','',1,0,0,''),(153,3,1,21,'【望子成龍錯了嗎？】教育親子講座','參加對象：學生家長會會長、會務人員及家長','2023-08-18','19:00','2023-08-18','21:00','臺北市立南門國中 活動中心（地址：台北市中正區廣州街6號）','https://i.imgur.com/OTWWutk.jpg','','1K5C-xQi5JQm4jIh5b_n3ORy9u87v_085l-uFVpi5n44','',1,0,0,''),(154,3,1,22,'復興商工參訪活動','參加對象：學生家長會會長、會務人員及家長','2024-03-25','13:00','2024-03-25','16:00','復興商工（新北市永和區秀朗路一段201號）','https://i.imgur.com/IxY2k6z.gif','https://reurl.cc/K453NM','1ClvVjUbhc1S-F6a7yKiuNcPXBmvZNunnAE3z7a9o1Cw','',1,0,0,''),(155,3,1,22,'親子戶外體驗活動','參加對象：學生家長會會長、會務人員及家長','2024-03-30','09:00','2024-03-30','12::00','至善國中（臺北市士林區至善路二段 360 號）','https://i.imgur.com/xP0vfN5.png','https://docs.google.com/forms/d/e/1FAIpQLSfjpBqw_hME-7m-PDmOGJomX0645GQE6lNy00-mK2f6vHNFdQ/viewform','1ClvVjUbhc1S-F6a7yKiuNcPXBmvZNunnAE3z7a9o1Cw','',1,0,0,''),(156,3,1,22,'113年度國中會考趨勢分析與複習－數學','參加對象：學生及家長','2024-03-30','13:30','2024-03-30','17::00','臺北市立明德國中（地址：台北市北投區明德路50號）','https://i.imgur.com/wPhMCYT.jpg','https://forms.gle/nsxKEduzGnxG7fWB9','1ClvVjUbhc1S-F6a7yKiuNcPXBmvZNunnAE3z7a9o1Cw','',1,0,0,''),(157,3,1,22,'113年度國中會考趨勢分析與複習－自然','參加對象：學生及家長','2024-03-23','13:30','2024-03-23','17::00','臺北市立南門國民中學（地址：臺北市中正區廣州街6號）','https://i.imgur.com/7AWzeY7.jpg','https://forms.gle/yrh8HaemKgM7m73V9','1ClvVjUbhc1S-F6a7yKiuNcPXBmvZNunnAE3z7a9o1Cw','',0,0,0,''),(158,3,1,22,'校長遴選講座談會','參加對象：會長及各校遴選委員','2024-02-26','19:00','2024-02-26','19:00','數位實中(台北市中山區吉林路110號5樓)','https://i.imgur.com/6zx8yLj.jpg','','1ClvVjUbhc1S-F6a7yKiuNcPXBmvZNunnAE3z7a9o1Cw','',0,0,0,''),(159,3,1,22,'第一次常務理監事會議','參加對象：理監事','2023-12-15','19:00','2023-12-15','19:00','中正國中','https://i.imgur.com/lVt4tC7.jpg','','1K5C-xQi5JQm4jIh5b_n3ORy9u87v_085l-uFVpi5n44','',0,0,0,''),(160,3,1,22,'113年度國中會考趨勢分析與複習策略專題講座-國文與寫作','參加對象：學生及家長','2024-03-02','13:30','2024-03-02','17::00','臺北市立中正國民中學（臺北市中正區愛國東路158號）','https://i.imgur.com/NxvkrED.jpg','','1ClvVjUbhc1S-F6a7yKiuNcPXBmvZNunnAE3z7a9o1Cw','',0,0,0,''),(161,3,1,22,'餐盒公會-食安參訪','為提升校園營養午餐品質，確保學生「食在安全」。\r\n商請北市餐盒公會協助串聯農產公司、食材供應商及「臺北農產運銷中心」，共同合辦此次食安參訪。\r\n此場活動包含:早餐、交通、午餐、保險。','2024-04-23','08:50','2024-04-23','16::00','集合地點：臺北市立中正國民中學（臺北市中正區愛國東路158號）','https://i.imgur.com/HwuhkCv.jpg','https://forms.gle/L7s7BMLdHxx7Aqk68','1ClvVjUbhc1S-F6a7yKiuNcPXBmvZNunnAE3z7a9o1Cw','',1,0,0,'');
/*!40000 ALTER TABLE `activitiez` ENABLE KEYS */;
UNLOCK TABLES;

--
-- Table structure for table `activitiezperson`
--

DROP TABLE IF EXISTS `activitiezperson`;
/*!40101 SET @saved_cs_client     = @@character_set_client */;
/*!40101 SET character_set_client = utf8 */;
CREATE TABLE `activitiezperson` (
  `apID` int(11) NOT NULL AUTO_INCREMENT,
  `actID` int(11) NOT NULL,
  `userID` varchar(120) NOT NULL,
  `insDate` date NOT NULL DEFAULT '0000-01-01',
  `meno` text NOT NULL,
  `arrived` datetime NOT NULL DEFAULT CURRENT_TIMESTAMP COMMENT '註冊時間',
  `leavez` datetime NOT NULL DEFAULT CURRENT_TIMESTAMP COMMENT '離開時間',
  PRIMARY KEY (`apID`)
) ENGINE=InnoDB DEFAULT CHARSET=utf8;
/*!40101 SET character_set_client = @saved_cs_client */;

--
-- Dumping data for table `activitiezperson`
--

LOCK TABLES `activitiezperson` WRITE;
/*!40000 ALTER TABLE `activitiezperson` DISABLE KEYS */;
/*!40000 ALTER TABLE `activitiezperson` ENABLE KEYS */;
UNLOCK TABLES;

--
-- Table structure for table `asns`
--

DROP TABLE IF EXISTS `asns`;
/*!40101 SET @saved_cs_client     = @@character_set_client */;
/*!40101 SET character_set_client = utf8 */;
CREATE TABLE `asns` (
  `asnsID` int(11) NOT NULL AUTO_INCREMENT,
  `name` varchar(30) NOT NULL,
  `abbr` varchar(20) NOT NULL COMMENT '簡稱',
  `logo` varchar(100) NOT NULL,
  `groupID` varchar(100) NOT NULL DEFAULT '0' COMMENT 'LINE群組ID',
  `sid` varchar(30) NOT NULL COMMENT '統一編號',
  `email` varchar(254) NOT NULL COMMENT '會務信箱',
  `colorz` varchar(10) NOT NULL DEFAULT '#FFFFFF',
  `calendarID` varchar(100) NOT NULL DEFAULT '0',
  `member` varchar(120) NOT NULL COMMENT '組織架構表單GoogleSheetID',
  `imgurToken` varchar(200) NOT NULL COMMENT 'Imgur refresh_token',
  PRIMARY KEY (`asnsID`)
) ENGINE=InnoDB AUTO_INCREMENT=38 DEFAULT CHARSET=utf8;
/*!40101 SET character_set_client = @saved_cs_client */;

--
-- Dumping data for table `asns`
--

LOCK TABLES `asns` WRITE;
/*!40000 ALTER TABLE `asns` DISABLE KEYS */;
INSERT INTO `asns` VALUES (1,'臺北市高職學生家長會聯合會','高職聯','https://i.imgur.com/iZPiv3I.png','','80916666','tvpauweb@gmail.com','#FFFFFF','tvpauweb@gmail.com','1Nx-1f2S5OD-cAUyq5Hz-tLzgkFORGDV0pIkaeRBhh5c',''),(2,'臺北市高中學生家長會聯合會','高中聯','https://i.imgur.com/5TyzGR8.png','','','thspaweb@gmail.com','#FFFFFF','thspaweb@gmail.com','1zHwSHlET03p8_YYOGawaM2MKkib84gzuyJH0AQls9nU',''),(3,'臺北市國中學生家長會聯合會','國中聯','https://i.imgur.com/iZPiv3I.png','','80903254','jhupat.org@gmail.com','#FFFFFF','jhupatweb@gmail.com','15aZQkf_MT8EmgfqDhVnThKFFP6CQIXxmq7mhURniIEI',''),(4,'臺北市國小學生家長會聯合會','','','','','','#FFFFFF','','',''),(5,'全國高中高職家長會長協會','全長協','https://i.imgur.com/H9h3Cu8.png','1CQmOSiYv87kyuRM_YOFPOOpghzoPNyO96pC7fj6pZd8','','twnapas@gmail.com','#FFFFFF','twnapas@gmail.com','1nMtPVTlfBuPU9imfAoZf8l5v4GYjqqKp6bajTc-1cMc',''),(6,'臺北市高中高職家長會長協會','北長協','https://i.imgur.com/7S8Xir1.jpg','','','tapas.taipei@gmail.com','#FFFFFF','tapas.taipei@gmail.com','12V7IZekOgG3fxr9eya0OFB5xsgNoLGrtCA0PImBjQNA',''),(7,'PLG虛情假意之普龍貢團隊','','','Cbf3465e57ac53a94273364a4fd9befc3','','','#FFFFFF','','',''),(8,'台北市家長會會長協會','會長協','https://i.imgur.com/gh9s1rs.png','','','twtppatpe@gmail.com','#FFFFFF','twtppatpe@gmail.com','16MshSpwlOdtCzZWEryigaUl-uGWypJdlCqEPYCtVNrI','7904acecd12a2ff3887e6ff06f8cbab9a1c8dfcd'),(37,'國中學生家長會聯合會－秘書處','','','','','','#FFFFFF','','','');
/*!40000 ALTER TABLE `asns` ENABLE KEYS */;
UNLOCK TABLES;

--
-- Table structure for table `asnsinfo`
--

DROP TABLE IF EXISTS `asnsinfo`;
/*!40101 SET @saved_cs_client     = @@character_set_client */;
/*!40101 SET character_set_client = utf8 */;
CREATE TABLE `asnsinfo` (
  `asinfoID` int(11) NOT NULL AUTO_INCREMENT,
  `ansID` int(11) NOT NULL,
  `titlez` varchar(200) NOT NULL,
  `urlz` varchar(254) NOT NULL COMMENT '網址',
  `meno` text NOT NULL COMMENT '說明',
  PRIMARY KEY (`asinfoID`)
) ENGINE=InnoDB AUTO_INCREMENT=2 DEFAULT CHARSET=utf8;
/*!40101 SET character_set_client = @saved_cs_client */;

--
-- Dumping data for table `asnsinfo`
--

LOCK TABLES `asnsinfo` WRITE;
/*!40000 ALTER TABLE `asnsinfo` DISABLE KEYS */;
INSERT INTO `asnsinfo` VALUES (1,13,'捷運到木柵高工路線圖','https://i.imgur.com/npPDTzb.jpg','');
/*!40000 ALTER TABLE `asnsinfo` ENABLE KEYS */;
UNLOCK TABLES;

--
-- Table structure for table `asnsperson`
--

DROP TABLE IF EXISTS `asnsperson`;
/*!40101 SET @saved_cs_client     = @@character_set_client */;
/*!40101 SET character_set_client = utf8 */;
CREATE TABLE `asnsperson` (
  `asnspersonID` int(11) NOT NULL AUTO_INCREMENT,
  `usrNo` int(11) NOT NULL COMMENT 'person.usrNo',
  `schoolID` int(11) NOT NULL,
  `year` int(11) NOT NULL DEFAULT '0',
  `postionsz` smallint(6) NOT NULL DEFAULT '0' COMMENT '0)會長 1)代表',
  `positionID` int(11) NOT NULL DEFAULT '0',
  PRIMARY KEY (`asnspersonID`)
) ENGINE=InnoDB AUTO_INCREMENT=2 DEFAULT CHARSET=utf8;
/*!40101 SET character_set_client = @saved_cs_client */;

--
-- Dumping data for table `asnsperson`
--

LOCK TABLES `asnsperson` WRITE;
/*!40000 ALTER TABLE `asnsperson` DISABLE KEYS */;
INSERT INTO `asnsperson` VALUES (1,1,12,106,0,14);
/*!40000 ALTER TABLE `asnsperson` ENABLE KEYS */;
UNLOCK TABLES;

--
-- Table structure for table `assnschool`
--

DROP TABLE IF EXISTS `assnschool`;
/*!40101 SET @saved_cs_client     = @@character_set_client */;
/*!40101 SET character_set_client = utf8 */;
CREATE TABLE `assnschool` (
  `asID` int(11) NOT NULL AUTO_INCREMENT,
  `schoolID` int(11) NOT NULL,
  `assnsID` int(11) NOT NULL,
  `yearz` int(11) NOT NULL,
  `sortSerial` smallint(6) NOT NULL DEFAULT '0' COMMENT '排序',
  PRIMARY KEY (`asID`)
) ENGINE=InnoDB AUTO_INCREMENT=30 DEFAULT CHARSET=utf8;
/*!40101 SET character_set_client = @saved_cs_client */;

--
-- Dumping data for table `assnschool`
--

LOCK TABLES `assnschool` WRITE;
/*!40000 ALTER TABLE `assnschool` DISABLE KEYS */;
INSERT INTO `assnschool` VALUES (1,8,1,2019,0),(2,9,1,2019,0),(3,10,1,2019,0),(4,11,1,2019,0),(5,12,1,2019,0),(6,13,1,2019,0),(7,14,1,2019,0),(8,15,1,2019,0),(9,16,1,2019,0),(10,17,1,2019,0),(11,18,1,2019,0),(12,19,1,2019,0),(13,20,1,2019,0),(14,21,1,2019,0),(15,22,1,2019,0),(16,23,1,2019,0),(17,24,1,2019,0),(18,25,1,2019,0),(19,26,1,2019,0),(20,27,1,2019,0),(21,28,1,2019,0),(22,29,1,2019,0),(23,30,1,2019,0),(24,31,1,2019,0),(25,32,1,2019,0),(26,33,1,2019,0),(27,34,1,2019,0),(28,35,1,2019,0),(29,36,1,2019,0);
/*!40000 ALTER TABLE `assnschool` ENABLE KEYS */;
UNLOCK TABLES;

--
-- Table structure for table `beacon`
--

DROP TABLE IF EXISTS `beacon`;
/*!40101 SET @saved_cs_client     = @@character_set_client */;
/*!40101 SET character_set_client = utf8 */;
CREATE TABLE `beacon` (
  `ip` varchar(20) NOT NULL,
  `mac` varchar(22) NOT NULL,
  `beaconID` varchar(15) NOT NULL,
  `location` varchar(60) NOT NULL,
  `menuID` varchar(60) NOT NULL COMMENT '選單',
  `meno` varchar(200) NOT NULL,
  `message` varchar(254) NOT NULL,
  `wifipass` varchar(20) NOT NULL,
  `lastUpdate` datetime DEFAULT NULL,
  PRIMARY KEY (`beaconID`)
) ENGINE=InnoDB DEFAULT CHARSET=utf8;
/*!40101 SET character_set_client = @saved_cs_client */;

--
-- Dumping data for table `beacon`
--

LOCK TABLES `beacon` WRITE;
/*!40000 ALTER TABLE `beacon` DISABLE KEYS */;
INSERT INTO `beacon` VALUES ('10.16.62.165','b8:27:eb:0e:ac:1a','','','','','','','2022-07-21 08:39:03'),('','','014a06994d','福德街家中','','PI','歡迎%name%回家～','',NULL),('','','014aab5e3d','中研院資訊服務處','richmenu-de3c4a3fefb68da4068f93490fa75ce8','Pi Zero','014a2b4e69','',NULL);
/*!40000 ALTER TABLE `beacon` ENABLE KEYS */;
UNLOCK TABLES;

--
-- Table structure for table `checkins`
--

DROP TABLE IF EXISTS `checkins`;
/*!40101 SET @saved_cs_client     = @@character_set_client */;
/*!40101 SET character_set_client = utf8 */;
CREATE TABLE `checkins` (
  `checkinID` int(11) NOT NULL AUTO_INCREMENT,
  `system` varchar(120) NOT NULL COMMENT '系統名稱',
  `actName` varchar(120) NOT NULL,
  `datez` date DEFAULT NULL COMMENT '活動日期',
  `lineID` varchar(50) NOT NULL,
  `createDate` datetime NOT NULL,
  `statuz` smallint(6) NOT NULL DEFAULT '0' COMMENT '0)未使用 1)使用中 2)結束',
  `filename` varchar(200) NOT NULL COMMENT '檔案名稱',
  `actID` int(11) NOT NULL DEFAULT '0' COMMENT '相關活動代碼',
  PRIMARY KEY (`checkinID`),
  UNIQUE KEY `lineID+actName` (`actName`,`lineID`)
) ENGINE=InnoDB AUTO_INCREMENT=3 DEFAULT CHARSET=utf8;
/*!40101 SET character_set_client = @saved_cs_client */;

--
-- Dumping data for table `checkins`
--

LOCK TABLES `checkins` WRITE;
/*!40000 ALTER TABLE `checkins` DISABLE KEYS */;
INSERT INTO `checkins` VALUES (1,'checkins','第一次理監事聯席會議秘書處簽到表','2022-10-21','U0c181ee00f74141895ea46941cf0a3b1','2022-10-20 00:00:00',0,'秘書處簽到表.csv',143),(2,'checkins','理監事聯席會議簽到表','2023-01-06','U0c181ee00f74141895ea46941cf0a3b1','2022-12-22 15:11:47',0,'理監事聯席會議簽到表.csv',0);
/*!40000 ALTER TABLE `checkins` ENABLE KEYS */;
UNLOCK TABLES;

--
-- Table structure for table `committee`
--

DROP TABLE IF EXISTS `committee`;
/*!40101 SET @saved_cs_client     = @@character_set_client */;
/*!40101 SET character_set_client = utf8 */;
CREATE TABLE `committee` (
  `cmitID` int(11) NOT NULL AUTO_INCREMENT,
  `name` varchar(40) NOT NULL COMMENT '委員會名稱',
  `asnsID` int(11) NOT NULL DEFAULT '0',
  `serialz` int(11) NOT NULL,
  `isAlive` smallint(6) NOT NULL DEFAULT '0' COMMENT '第幾屆廢止',
  `meno` text NOT NULL,
  `imgurl` varchar(200) NOT NULL COMMENT '圖檔網址',
  PRIMARY KEY (`cmitID`)
) ENGINE=InnoDB AUTO_INCREMENT=11 DEFAULT CHARSET=utf8;
/*!40101 SET character_set_client = @saved_cs_client */;

--
-- Dumping data for table `committee`
--

LOCK TABLES `committee` WRITE;
/*!40000 ALTER TABLE `committee` DISABLE KEYS */;
INSERT INTO `committee` VALUES (1,'教育委員會',1,1,0,'',''),(2,'技職委員會',1,2,0,'',''),(3,'公關委員會',1,3,0,'',''),(4,'特教委員會',1,4,0,'',''),(5,'法政委員會',1,5,0,'',''),(6,'資訊委員會',1,6,0,'',''),(7,'校際聯誼委員會',3,1,1,'',''),(8,'教育委員會',3,2,1,'',''),(9,'體育衛生委員會',3,1,20,'調為：體育休閒委員會、衛生健康委員會',''),(10,'會務資訊委員會',3,1,20,'調為：會務法制委員會、資訊委員會','');
/*!40000 ALTER TABLE `committee` ENABLE KEYS */;
UNLOCK TABLES;

--
-- Table structure for table `experience`
--

DROP TABLE IF EXISTS `experience`;
/*!40101 SET @saved_cs_client     = @@character_set_client */;
/*!40101 SET character_set_client = utf8 */;
CREATE TABLE `experience` (
  `experienceID` int(11) NOT NULL AUTO_INCREMENT,
  `usrNo` int(11) NOT NULL DEFAULT '0',
  `orgName` varchar(50) NOT NULL,
  `titlez` varchar(50) NOT NULL,
  `serialz` int(11) NOT NULL DEFAULT '0',
  PRIMARY KEY (`experienceID`)
) ENGINE=InnoDB AUTO_INCREMENT=11 DEFAULT CHARSET=utf8;
/*!40101 SET character_set_client = @saved_cs_client */;

--
-- Dumping data for table `experience`
--

LOCK TABLES `experience` WRITE;
/*!40000 ALTER TABLE `experience` DISABLE KEYS */;
INSERT INTO `experience` VALUES (1,1,'臺北市立國樂團附設青少年團103後援會','會長',1),(2,1,'臺北市立介壽國民中學47屆家長會','會長',2),(3,1,'臺北市國中學生家長會聯合會13屆','資訊總召',3),(4,1,'臺北市高中學生家長會聯合會13-14、18-19屆','資訊長',4),(5,1,'臺北市國中學生家長會聯合會14-20屆','資訊長',5),(6,1,'臺北市內湖高級工業職業學校106學年度家長會','會長',6),(7,1,'全國高中高職家長會長協會第8屆','秘書長',7),(8,1,'臺北市高職學生家長會聯合會18屆','秘書長',8),(9,1,'臺北市高中學生家長會聯合會20屆','執行長',9),(10,1,'全國高中高職家長會長協會第9屆','常務理事',10);
/*!40000 ALTER TABLE `experience` ENABLE KEYS */;
UNLOCK TABLES;

--
-- Table structure for table `factoryz`
--

DROP TABLE IF EXISTS `factoryz`;
/*!40101 SET @saved_cs_client     = @@character_set_client */;
/*!40101 SET character_set_client = utf8 */;
CREATE TABLE `factoryz` (
  `factoryID` int(11) NOT NULL AUTO_INCREMENT,
  `company` varchar(30) NOT NULL,
  `name` varchar(100) NOT NULL,
  `tel` varchar(20) NOT NULL,
  `address` varchar(254) NOT NULL,
  `email` varchar(50) NOT NULL,
  `typez` smallint(6) NOT NULL DEFAULT '0' COMMENT '1)Truest 2)攝影  3)音響 4)證書列印',
  `price` float NOT NULL,
  `meno` text NOT NULL,
  PRIMARY KEY (`factoryID`)
) ENGINE=InnoDB AUTO_INCREMENT=3 DEFAULT CHARSET=utf8;
/*!40101 SET character_set_client = @saved_cs_client */;

--
-- Dumping data for table `factoryz`
--

LOCK TABLES `factoryz` WRITE;
/*!40000 ALTER TABLE `factoryz` DISABLE KEYS */;
INSERT INTO `factoryz` VALUES (1,'宏大專業攝影印刷公司','鵬延平','0918928225','新北市三重區仁愛街425巷89號','hongda.photo@gmail.com',2,10000,'2018-2019 教育局四學程聯合授證攝影'),(2,'威利傳播有限公司','張子濬','0934326845','臺北市文山區萬寧街22號1樓','1103@wallace.com.tw',1,25000,'2019 聯合授證廠商');
/*!40000 ALTER TABLE `factoryz` ENABLE KEYS */;
UNLOCK TABLES;

--
-- Table structure for table `funny`
--

DROP TABLE IF EXISTS `funny`;
/*!40101 SET @saved_cs_client     = @@character_set_client */;
/*!40101 SET character_set_client = utf8 */;
CREATE TABLE `funny` (
  `funnyID` int(11) NOT NULL AUTO_INCREMENT,
  `sentence` text NOT NULL,
  `typez` smallint(6) NOT NULL DEFAULT '0' COMMENT '0)搞笑 1)佳句',
  `eng` text NOT NULL,
  `datez` date NOT NULL DEFAULT '0000-01-01',
  PRIMARY KEY (`funnyID`)
) ENGINE=InnoDB AUTO_INCREMENT=40 DEFAULT CHARSET=utf8;
/*!40101 SET character_set_client = @saved_cs_client */;

--
-- Dumping data for table `funny`
--

LOCK TABLES `funny` WRITE;
/*!40000 ALTER TABLE `funny` DISABLE KEYS */;
INSERT INTO `funny` VALUES (1,'在那裡跌倒，就在那裡躺下來',0,'','0000-01-01'),(2,'好想賣掉房子去環遊世界，但房東不准',0,'','0000-01-01'),(3,'別害怕別人怎麼看你，因為沒有人在看你',0,'','0000-01-01'),(4,'單身是一種選擇，只不過不是我選的',0,'','0000-01-01'),(5,'人若不帥，再暖都是變態',0,'','0000-01-01'),(6,'今年情人節一個人過嗎？沒關係，明年...就會習慣了',0,'','0000-01-01'),(7,'當你覺得自己窮、醜、一無是處的時候，別絕望，至少你的判斷是對的',0,'','0000-01-01'),(8,'當我們感到孤單時，想要的或許不是有人陪，而是希望有人懂。',1,'What we want when we feel lonely, perhaps it\'s not someone to be with, but someone who understands.','0000-01-01'),(9,'下定決心的人用生繡的扳手，可以比懶惰的人用機械房裡所有工具完成更多的事。',1,'','0000-01-01'),(10,'萬丈紅塵三杯酒，千秋大業一杯茶',1,'','0000-01-01'),(11,'妳會不會喜歡我？不會的話我教妳',0,'','0000-01-01'),(12,'薪水就像月經，一個月來一次，一個禮拜就沒了',0,'','0000-01-01'),(13,'其實很少人知道，一個15歲的女生，在3年前……只是一個12歲的小女孩',0,'','0000-01-01'),(14,'美的千篇一律，醜的千姿百態',0,'','0000-01-01'),(15,'暴力不能解決事情，但可以解決你',0,'','0000-01-01'),(16,'脫了衣服我是禽獸，穿上衣服我是衣冠禽獸',0,'','0000-01-01'),(17,'全世界最多人信仰的是…回籠覺',0,'','0000-01-01'),(18,'一個巴掌打不響，那就兩個吧',0,'','0000-01-01'),(19,'窮到只剩兩億，失億和回憶',0,'','0000-01-01'),(20,'每天睡前喝一杯牛奶，可以幫助牛奶業者容易入睡',0,'','0000-01-01'),(21,'聽人家說…..飯後抽煙對身體不好！為了健康，我就不吃飯了',0,'','0000-01-01'),(22,'你以為我會眼睜睜看著你去送死嗎？我會閉上眼睛',0,'','0000-01-01'),(23,'你有什麼不開心的事？講出來讓大家開心一下嘛',0,'','0000-01-01'),(24,'你其實很耐看耶…只是我沒耐心',0,'','0000-01-01'),(25,'有夢最美，摃龜相隨',0,'','0000-01-01'),(26,'如果覺得冷，就蹲在牆角，因為那裡有90度',0,'','0000-01-01'),(27,'當年差400分就考上台大了',0,'','0000-01-01'),(28,'我吃東西不是肚子餓，只是因為嘴巴寂寞',0,'','0000-01-01'),(29,'遇到你之前，我的世界是黑白的；遇見你之後，全黑了',0,'','0000-01-01'),(30,'做人要講信用…我說不還錢就是不還錢',0,'','0000-01-01'),(31,'聽說睡覺時手機放在枕頭旁會致癌，嚇得我從此不敢用枕頭了',0,'','0000-01-01'),(32,'一百萬和一千萬對我都是一樣的，因為我都沒有',0,'','0000-01-01'),(33,'從猴子到人需要一萬年，從人到猴子只需一瓶酒',0,'','0000-01-01'),(34,'我只能中午和你見面，不然的話我早晚會愛上你',0,'','0000-01-01'),(35,'小時候媽媽說，乖一點才交得到女朋友，後來發現，不乖可以同時交好幾個',0,'','0000-01-01'),(36,'如果你覺得我只有熱戀期對你好，那我們戀愛就談到熱戀期就好',0,'','0000-01-01'),(37,'在哪裡跌倒，就在那裡哭',0,'','0000-01-01'),(38,'有時候我也很佩服自己，明明薪水這麼少，卻能把自己養這麼胖',0,'','0000-01-01'),(39,'我自横刀向天笑，笑完我就去睡覺',0,'','0000-01-01');
/*!40000 ALTER TABLE `funny` ENABLE KEYS */;
UNLOCK TABLES;

--
-- Table structure for table `greetings`
--

DROP TABLE IF EXISTS `greetings`;
/*!40101 SET @saved_cs_client     = @@character_set_client */;
/*!40101 SET character_set_client = utf8 */;
CREATE TABLE `greetings` (
  `cardID` int(11) NOT NULL AUTO_INCREMENT,
  `usrNo` int(11) NOT NULL DEFAULT '0',
  `datez` date NOT NULL,
  `title` varchar(50) NOT NULL,
  `content` text NOT NULL,
  `imgur` varchar(120) NOT NULL,
  PRIMARY KEY (`cardID`)
) ENGINE=InnoDB AUTO_INCREMENT=31 DEFAULT CHARSET=utf8;
/*!40101 SET character_set_client = @saved_cs_client */;

--
-- Dumping data for table `greetings`
--

LOCK TABLES `greetings` WRITE;
/*!40000 ALTER TABLE `greetings` DISABLE KEYS */;
INSERT INTO `greetings` VALUES (1,1,'2022-11-22','小雪','{\r\n  \"type\": \"bubble\",\r\n  \"body\": {\r\n    \"type\": \"box\",\r\n    \"layout\": \"vertical\",\r\n    \"contents\": [\r\n      {\r\n        \"type\": \"image\",\r\n        \"url\": \"https://i.imgur.com/aNejZCy.png\",\r\n        \"size\": \"full\",\r\n        \"aspectMode\": \"cover\",\r\n        \"aspectRatio\": \"1:1\",\r\n        \"gravity\": \"center\"\r\n      },\r\n      {\r\n        \"type\": \"box\",\r\n        \"layout\": \"horizontal\",\r\n        \"contents\": [\r\n          {\r\n            \"type\": \"box\",\r\n            \"layout\": \"vertical\",\r\n            \"contents\": [\r\n              {\r\n                \"type\": \"box\",\r\n                \"layout\": \"horizontal\",\r\n                \"contents\": [\r\n                  {\r\n                    \"type\": \"text\",\r\n                    \"text\": \"歲次 小雪\",\r\n                    \"size\": \"xl\",\r\n                    \"color\": \"#000000\",\r\n                    \"weight\": \"bold\"\r\n                  }\r\n                ]\r\n              },\r\n              {\r\n                \"type\": \"box\",\r\n                \"layout\": \"baseline\",\r\n                \"contents\": [\r\n                  {\r\n                    \"type\": \"text\",\r\n                    \"text\": \"農曆10月29日\",\r\n                    \"color\": \"#00000F\"\r\n                  }\r\n                ],\r\n                \"spacing\": \"xs\"\r\n              },\r\n              {\r\n                \"type\": \"box\",\r\n                \"layout\": \"horizontal\",\r\n                \"contents\": [\r\n                  {\r\n                    \"type\": \"box\",\r\n                    \"layout\": \"baseline\",\r\n                    \"contents\": [\r\n                      {\r\n                        \"type\": \"text\",\r\n                        \"text\": \"月內若響雷，豬牛飼不肥\",\r\n                        \"color\": \"#a9a9FF\",\r\n                        \"size\": \"sm\",\r\n                        \"align\": \"end\",\r\n                        \"wrap\": true\r\n                      }\r\n                    ],\r\n                    \"flex\": 0,\r\n                    \"spacing\": \"lg\"\r\n                  }\r\n                ]\r\n              }\r\n            ],\r\n            \"spacing\": \"xs\"\r\n          }\r\n        ],\r\n        \"position\": \"absolute\",\r\n        \"offsetBottom\": \"0px\",\r\n        \"offsetStart\": \"0px\",\r\n        \"offsetEnd\": \"0px\",\r\n        \"paddingAll\": \"20px\"\r\n      }\r\n    ],\r\n    \"paddingAll\": \"0px\"\r\n  }\r\n}',''),(2,1,'2022-11-23','下雨','{\r\n  \"type\": \"bubble\",\r\n  \"body\": {\r\n    \"type\": \"box\",\r\n    \"layout\": \"vertical\",\r\n    \"contents\": [\r\n      {\r\n        \"type\": \"image\",\r\n        \"url\": \"https://i.imgur.com/0sKg9J7.png\",\r\n        \"size\": \"full\",\r\n        \"aspectMode\": \"cover\",\r\n        \"aspectRatio\": \"1:1\",\r\n        \"gravity\": \"center\"\r\n      },\r\n      {\r\n        \"type\": \"box\",\r\n        \"layout\": \"vertical\",\r\n        \"contents\": [],\r\n        \"position\": \"absolute\",\r\n        \"background\": {\r\n          \"type\": \"linearGradient\",\r\n          \"angle\": \"0deg\",\r\n          \"endColor\": \"#00000000\",\r\n          \"startColor\": \"#00000099\"\r\n        },\r\n        \"width\": \"100%\",\r\n        \"height\": \"40%\",\r\n        \"offsetBottom\": \"0px\",\r\n        \"offsetStart\": \"0px\",\r\n        \"offsetEnd\": \"0px\"\r\n      },\r\n      {\r\n        \"type\": \"box\",\r\n        \"layout\": \"horizontal\",\r\n        \"contents\": [\r\n          {\r\n            \"type\": \"box\",\r\n            \"layout\": \"vertical\",\r\n            \"contents\": [\r\n              {\r\n                \"type\": \"box\",\r\n                \"layout\": \"horizontal\",\r\n                \"contents\": [\r\n                  {\r\n                    \"type\": \"text\",\r\n                    \"text\": \"氣溫在變祝福不變\",\r\n                    \"size\": \"xl\",\r\n                    \"color\": \"#ffffff\"\r\n                  }\r\n                ]\r\n              },\r\n              {\r\n                \"type\": \"box\",\r\n                \"layout\": \"baseline\",\r\n                \"contents\": [\r\n                  {\r\n                    \"type\": \"text\",\r\n                    \"text\": \"下雨路滑注意安全\",\r\n                    \"color\": \"#a9a9a9\"\r\n                  }\r\n                ],\r\n                \"spacing\": \"xs\"\r\n              },\r\n              {\r\n                \"type\": \"box\",\r\n                \"layout\": \"horizontal\",\r\n                \"contents\": [\r\n                  {\r\n                    \"type\": \"box\",\r\n                    \"layout\": \"baseline\",\r\n                    \"contents\": [\r\n                      {\r\n                        \"type\": \"text\",\r\n                        \"text\": \"順其自然淡定而行\",\r\n                        \"color\": \"#ffffff\",\r\n                        \"size\": \"md\",\r\n                        \"flex\": 0,\r\n                        \"align\": \"end\"\r\n                      }\r\n                    ],\r\n                    \"flex\": 0,\r\n                    \"spacing\": \"lg\"\r\n                  }\r\n                ]\r\n              }\r\n            ],\r\n            \"spacing\": \"xs\"\r\n          }\r\n        ],\r\n        \"position\": \"absolute\",\r\n        \"offsetBottom\": \"0px\",\r\n        \"offsetStart\": \"0px\",\r\n        \"offsetEnd\": \"0px\",\r\n        \"paddingAll\": \"20px\"\r\n      }\r\n    ],\r\n    \"paddingAll\": \"0px\"\r\n  }\r\n}',''),(3,1,'2022-11-24','珍惜朋友','{\r\n  \"type\": \"bubble\",\r\n  \"body\": {\r\n    \"type\": \"box\",\r\n    \"layout\": \"vertical\",\r\n    \"contents\": [\r\n      {\r\n        \"type\": \"image\",\r\n        \"url\": \"https://i.imgur.com/XfmjaKp.png\",\r\n        \"size\": \"full\",\r\n        \"aspectMode\": \"cover\",\r\n        \"aspectRatio\": \"1:1\",\r\n        \"gravity\": \"center\"\r\n      },\r\n      {\r\n        \"type\": \"box\",\r\n        \"layout\": \"vertical\",\r\n        \"contents\": [],\r\n        \"position\": \"absolute\",\r\n        \"background\": {\r\n          \"type\": \"linearGradient\",\r\n          \"angle\": \"0deg\",\r\n          \"endColor\": \"#00000000\",\r\n          \"startColor\": \"#00000099\"\r\n        },\r\n        \"width\": \"100%\",\r\n        \"height\": \"40%\",\r\n        \"offsetBottom\": \"0px\",\r\n        \"offsetStart\": \"0px\",\r\n        \"offsetEnd\": \"0px\"\r\n      },\r\n      {\r\n        \"type\": \"box\",\r\n        \"layout\": \"horizontal\",\r\n        \"contents\": [\r\n          {\r\n            \"type\": \"box\",\r\n            \"layout\": \"vertical\",\r\n            \"contents\": [\r\n              {\r\n                \"type\": \"box\",\r\n                \"layout\": \"horizontal\",\r\n                \"contents\": [\r\n                  {\r\n                    \"type\": \"text\",\r\n                    \"text\": \"歲月不待人\",\r\n                    \"size\": \"xl\",\r\n                    \"color\": \"#ffffff\"\r\n                  }\r\n                ]\r\n              },\r\n              {\r\n                \"type\": \"box\",\r\n                \"layout\": \"baseline\",\r\n                \"contents\": [\r\n                  {\r\n                    \"type\": \"text\",\r\n                    \"text\": \"友誼的本質在於原諒他人的小錯\",\r\n                    \"color\": \"#a9a9a9\"\r\n                  }\r\n                ],\r\n                \"spacing\": \"xs\"\r\n              },\r\n              {\r\n                \"type\": \"box\",\r\n                \"layout\": \"horizontal\",\r\n                \"contents\": [\r\n                  {\r\n                    \"type\": \"box\",\r\n                    \"layout\": \"baseline\",\r\n                    \"contents\": [\r\n                      {\r\n                        \"type\": \"text\",\r\n                        \"text\": \"祝好友們擁有平安美好的一天\",\r\n                        \"color\": \"#ffffff\",\r\n                        \"size\": \"md\",\r\n                        \"flex\": 0,\r\n                        \"align\": \"end\"\r\n                      }\r\n                    ],\r\n                    \"flex\": 0,\r\n                    \"spacing\": \"lg\"\r\n                  }\r\n                ]\r\n              }\r\n            ],\r\n            \"spacing\": \"xs\"\r\n          }\r\n        ],\r\n        \"position\": \"absolute\",\r\n        \"offsetBottom\": \"0px\",\r\n        \"offsetStart\": \"0px\",\r\n        \"offsetEnd\": \"0px\",\r\n        \"paddingAll\": \"20px\"\r\n      }\r\n    ],\r\n    \"paddingAll\": \"0px\"\r\n  },\r\n  \"styles\": {\r\n    \"footer\": {\r\n      \"separator\": true\r\n    }\r\n  }\r\n}',''),(4,1,'2022-11-26','選賢與能','{\r\n  \"type\": \"bubble\",\r\n  \"body\": {\r\n    \"type\": \"box\",\r\n    \"layout\": \"vertical\",\r\n    \"contents\": [\r\n      {\r\n        \"type\": \"image\",\r\n        \"url\": \"https://i.imgur.com/eVUBihm.png\",\r\n        \"size\": \"full\",\r\n        \"aspectMode\": \"cover\",\r\n        \"aspectRatio\": \"1:1\",\r\n        \"gravity\": \"center\"\r\n      },\r\n      {\r\n        \"type\": \"box\",\r\n        \"layout\": \"vertical\",\r\n        \"contents\": [],\r\n        \"position\": \"absolute\",\r\n        \"background\": {\r\n          \"type\": \"linearGradient\",\r\n          \"angle\": \"0deg\",\r\n          \"endColor\": \"#00000000\",\r\n          \"startColor\": \"#00000099\"\r\n        },\r\n        \"width\": \"100%\",\r\n        \"height\": \"40%\",\r\n        \"offsetBottom\": \"0px\",\r\n        \"offsetStart\": \"0px\",\r\n        \"offsetEnd\": \"0px\"\r\n      },\r\n      {\r\n        \"type\": \"box\",\r\n        \"layout\": \"horizontal\",\r\n        \"contents\": [\r\n          {\r\n            \"type\": \"box\",\r\n            \"layout\": \"vertical\",\r\n            \"contents\": [\r\n              {\r\n                \"type\": \"box\",\r\n                \"layout\": \"horizontal\",\r\n                \"contents\": [\r\n                  {\r\n                    \"type\": \"text\",\r\n                    \"text\": \"11月26日\",\r\n                    \"size\": \"xl\",\r\n                    \"color\": \"#ffffff\"\r\n                  }\r\n                ]\r\n              },\r\n              {\r\n                \"type\": \"box\",\r\n                \"layout\": \"baseline\",\r\n                \"contents\": [\r\n                  {\r\n                    \"type\": \"text\",\r\n                    \"text\": \"選賢與能\",\r\n                    \"color\": \"#a9a9a9\"\r\n                  }\r\n                ],\r\n                \"spacing\": \"xs\"\r\n              },\r\n              {\r\n                \"type\": \"box\",\r\n                \"layout\": \"horizontal\",\r\n                \"contents\": [\r\n                  {\r\n                    \"type\": \"box\",\r\n                    \"layout\": \"baseline\",\r\n                    \"contents\": [\r\n                      {\r\n                        \"type\": \"text\",\r\n                        \"text\": \"決定自己與國家的未來\",\r\n                        \"color\": \"#ffffff\",\r\n                        \"size\": \"md\",\r\n                        \"flex\": 0,\r\n                        \"align\": \"end\"\r\n                      }\r\n                    ],\r\n                    \"flex\": 0,\r\n                    \"spacing\": \"lg\"\r\n                  }\r\n                ]\r\n              }\r\n            ],\r\n            \"spacing\": \"xs\"\r\n          }\r\n        ],\r\n        \"position\": \"absolute\",\r\n        \"offsetBottom\": \"0px\",\r\n        \"offsetStart\": \"0px\",\r\n        \"offsetEnd\": \"0px\",\r\n        \"paddingAll\": \"20px\"\r\n      }\r\n    ],\r\n    \"paddingAll\": \"0px\"\r\n  },\r\n  \"styles\": {\r\n    \"footer\": {\r\n      \"separator\": true\r\n    }\r\n  }\r\n}',''),(5,1,'2022-11-26','美女','{\r\n  \"type\": \"bubble\",\r\n  \"body\": {\r\n    \"type\": \"box\",\r\n    \"layout\": \"vertical\",\r\n    \"contents\": [\r\n      {\r\n        \"type\": \"image\",\r\n        \"url\": \"https://i.imgur.com/kemkxWX.png\",\r\n        \"size\": \"full\",\r\n        \"aspectMode\": \"cover\",\r\n        \"aspectRatio\": \"1:1\",\r\n        \"gravity\": \"center\"\r\n      },\r\n      {\r\n        \"type\": \"box\",\r\n        \"layout\": \"vertical\",\r\n        \"contents\": [],\r\n        \"position\": \"absolute\",\r\n        \"background\": {\r\n          \"type\": \"linearGradient\",\r\n          \"angle\": \"0deg\",\r\n          \"endColor\": \"#00000000\",\r\n          \"startColor\": \"#00000099\"\r\n        },\r\n        \"width\": \"100%\",\r\n        \"height\": \"40%\",\r\n        \"offsetBottom\": \"0px\",\r\n        \"offsetStart\": \"0px\",\r\n        \"offsetEnd\": \"0px\"\r\n      },\r\n      {\r\n        \"type\": \"box\",\r\n        \"layout\": \"horizontal\",\r\n        \"contents\": [\r\n          {\r\n            \"type\": \"box\",\r\n            \"layout\": \"vertical\",\r\n            \"contents\": [\r\n              {\r\n                \"type\": \"box\",\r\n                \"layout\": \"horizontal\",\r\n                \"contents\": [\r\n                  {\r\n                    \"type\": \"text\",\r\n                    \"text\": \"11月26日\",\r\n                    \"size\": \"xl\",\r\n                    \"color\": \"#ffffff\"\r\n                  }\r\n                ]\r\n              },\r\n              {\r\n                \"type\": \"box\",\r\n                \"layout\": \"baseline\",\r\n                \"contents\": [\r\n                  {\r\n                    \"type\": \"text\",\r\n                    \"text\": \"選賢與能\",\r\n                    \"color\": \"#a9a9a9\"\r\n                  }\r\n                ],\r\n                \"spacing\": \"xs\"\r\n              },\r\n              {\r\n                \"type\": \"box\",\r\n                \"layout\": \"horizontal\",\r\n                \"contents\": [\r\n                  {\r\n                    \"type\": \"box\",\r\n                    \"layout\": \"baseline\",\r\n                    \"contents\": [\r\n                      {\r\n                        \"type\": \"text\",\r\n                        \"text\": \"決定自己與國家的未來\",\r\n                        \"color\": \"#ffffff\",\r\n                        \"size\": \"md\",\r\n                        \"flex\": 0,\r\n                        \"align\": \"end\"\r\n                      }\r\n                    ],\r\n                    \"flex\": 0,\r\n                    \"spacing\": \"lg\"\r\n                  }\r\n                ]\r\n              }\r\n            ],\r\n            \"spacing\": \"xs\"\r\n          }\r\n        ],\r\n        \"position\": \"absolute\",\r\n        \"offsetBottom\": \"0px\",\r\n        \"offsetStart\": \"0px\",\r\n        \"offsetEnd\": \"0px\",\r\n        \"paddingAll\": \"20px\"\r\n      }\r\n    ],\r\n    \"paddingAll\": \"0px\"\r\n  },\r\n  \"styles\": {\r\n    \"footer\": {\r\n      \"separator\": true\r\n    }\r\n  }\r\n}',''),(6,1,'2022-11-24','感恩節','{\r\n  \"type\": \"bubble\",\r\n  \"body\": {\r\n    \"type\": \"box\",\r\n    \"layout\": \"vertical\",\r\n    \"contents\": [\r\n      {\r\n        \"type\": \"image\",\r\n        \"url\": \"https://i.imgur.com/9NS1WUe.png\",\r\n        \"size\": \"full\",\r\n        \"aspectMode\": \"cover\",\r\n        \"aspectRatio\": \"1:1\",\r\n        \"gravity\": \"center\"\r\n      },\r\n      {\r\n        \"type\": \"box\",\r\n        \"layout\": \"vertical\",\r\n        \"contents\": [],\r\n        \"position\": \"absolute\",\r\n        \"background\": {\r\n          \"type\": \"linearGradient\",\r\n          \"angle\": \"0deg\",\r\n          \"endColor\": \"#00000000\",\r\n          \"startColor\": \"#00000099\"\r\n        },\r\n        \"width\": \"100%\",\r\n        \"height\": \"40%\",\r\n        \"offsetBottom\": \"0px\",\r\n        \"offsetStart\": \"0px\",\r\n        \"offsetEnd\": \"0px\"\r\n      },\r\n      {\r\n        \"type\": \"box\",\r\n        \"layout\": \"horizontal\",\r\n        \"contents\": [\r\n          {\r\n            \"type\": \"box\",\r\n            \"layout\": \"vertical\",\r\n            \"contents\": [\r\n              {\r\n                \"type\": \"box\",\r\n                \"layout\": \"horizontal\",\r\n                \"contents\": [\r\n                  {\r\n                    \"type\": \"text\",\r\n                    \"text\": \"11月24日\",\r\n                    \"size\": \"xl\",\r\n                    \"color\": \"#ffffff\"\r\n                  }\r\n                ]\r\n              },\r\n              {\r\n                \"type\": \"box\",\r\n                \"layout\": \"baseline\",\r\n                \"contents\": [\r\n                  {\r\n                    \"type\": \"text\",\r\n                    \"text\": \"感謝有您陪伴\",\r\n                    \"color\": \"#a9a9a9\"\r\n                  }\r\n                ],\r\n                \"spacing\": \"xs\"\r\n              },\r\n              {\r\n                \"type\": \"box\",\r\n                \"layout\": \"horizontal\",\r\n                \"contents\": [\r\n                  {\r\n                    \"type\": \"box\",\r\n                    \"layout\": \"baseline\",\r\n                    \"contents\": [\r\n                      {\r\n                        \"type\": \"text\",\r\n                        \"text\": \"自拍是3分天註定，七分靠濾鏡\",\r\n                        \"color\": \"#ffffff\",\r\n                        \"size\": \"md\",\r\n                        \"flex\": 0,\r\n                        \"align\": \"start\",\r\n                        \"wrap\": true\r\n                      }\r\n                    ],\r\n                    \"flex\": 0,\r\n                    \"spacing\": \"lg\"\r\n                  }\r\n                ]\r\n              }\r\n            ],\r\n            \"spacing\": \"xs\"\r\n          }\r\n        ],\r\n        \"position\": \"absolute\",\r\n        \"offsetBottom\": \"0px\",\r\n        \"offsetStart\": \"0px\",\r\n        \"offsetEnd\": \"0px\",\r\n        \"paddingAll\": \"20px\"\r\n      }\r\n    ],\r\n    \"paddingAll\": \"0px\"\r\n  },\r\n  \"styles\": {\r\n    \"footer\": {\r\n      \"separator\": true\r\n    }\r\n  }\r\n}',''),(7,1,'2022-11-25','二姊生日卡','{\r\n  \"type\": \"bubble\",\r\n  \"body\": {\r\n    \"type\": \"box\",\r\n    \"layout\": \"vertical\",\r\n    \"contents\": [\r\n      {\r\n        \"type\": \"image\",\r\n        \"url\": \"https://i.imgur.com/JW4MLfr.png\",\r\n        \"size\": \"full\",\r\n        \"aspectMode\": \"cover\",\r\n        \"aspectRatio\": \"1:1\",\r\n        \"gravity\": \"center\"\r\n      },\r\n      {\r\n        \"type\": \"box\",\r\n        \"layout\": \"vertical\",\r\n        \"contents\": [],\r\n        \"position\": \"absolute\",\r\n        \"background\": {\r\n          \"type\": \"linearGradient\",\r\n          \"angle\": \"0deg\",\r\n          \"endColor\": \"#00000000\",\r\n          \"startColor\": \"#00000099\"\r\n        },\r\n        \"width\": \"100%\",\r\n        \"height\": \"40%\",\r\n        \"offsetBottom\": \"0px\",\r\n        \"offsetStart\": \"0px\",\r\n        \"offsetEnd\": \"0px\"\r\n      },\r\n      {\r\n        \"type\": \"box\",\r\n        \"layout\": \"horizontal\",\r\n        \"contents\": [\r\n          {\r\n            \"type\": \"box\",\r\n            \"layout\": \"vertical\",\r\n            \"contents\": [\r\n              {\r\n                \"type\": \"box\",\r\n                \"layout\": \"horizontal\",\r\n                \"contents\": [\r\n                  {\r\n                    \"type\": \"text\",\r\n                    \"text\": \"11月25日\",\r\n                    \"size\": \"xl\",\r\n                    \"color\": \"#ffffff\"\r\n                  }\r\n                ]\r\n              },\r\n              {\r\n                \"type\": \"box\",\r\n                \"layout\": \"baseline\",\r\n                \"contents\": [\r\n                  {\r\n                    \"type\": \"text\",\r\n                    \"text\": \"祝福二姊生日快樂\",\r\n                    \"color\": \"#a9a9a9\"\r\n                  }\r\n                ],\r\n                \"spacing\": \"xs\"\r\n              },\r\n              {\r\n                \"type\": \"box\",\r\n                \"layout\": \"horizontal\",\r\n                \"contents\": [\r\n                  {\r\n                    \"type\": \"box\",\r\n                    \"layout\": \"baseline\",\r\n                    \"contents\": [\r\n                      {\r\n                        \"type\": \"text\",\r\n                        \"text\": \"希望你的所有願望都能成真\",\r\n                        \"color\": \"#ffffff\",\r\n                        \"size\": \"md\",\r\n                        \"flex\": 0,\r\n                        \"align\": \"end\"\r\n                      },\r\n                      {\r\n                        \"type\": \"text\",\r\n                        \"color\": \"#a9a9a9\",\r\n                        \"decoration\": \"line-through\",\r\n                        \"size\": \"sm\",\r\n                        \"align\": \"end\",\r\n                        \"text\": \" \"\r\n                      }\r\n                    ],\r\n                    \"flex\": 0,\r\n                    \"spacing\": \"lg\"\r\n                  }\r\n                ]\r\n              }\r\n            ],\r\n            \"spacing\": \"xs\"\r\n          }\r\n        ],\r\n        \"position\": \"absolute\",\r\n        \"offsetBottom\": \"0px\",\r\n        \"offsetStart\": \"0px\",\r\n        \"offsetEnd\": \"0px\",\r\n        \"paddingAll\": \"20px\"\r\n      }\r\n    ],\r\n    \"paddingAll\": \"0px\"\r\n  }\r\n}',''),(8,1,'2022-11-25','環遊世界笑話','{\r\n  \"type\": \"bubble\",\r\n  \"body\": {\r\n    \"type\": \"box\",\r\n    \"layout\": \"vertical\",\r\n    \"contents\": [\r\n      {\r\n        \"type\": \"image\",\r\n        \"url\": \"https://i.imgur.com/vqcjmqP.png\",\r\n        \"size\": \"full\",\r\n        \"aspectMode\": \"cover\",\r\n        \"aspectRatio\": \"1:1\",\r\n        \"gravity\": \"center\"\r\n      },\r\n      {\r\n        \"type\": \"box\",\r\n        \"layout\": \"vertical\",\r\n        \"contents\": [],\r\n        \"position\": \"absolute\",\r\n        \"background\": {\r\n          \"type\": \"linearGradient\",\r\n          \"angle\": \"0deg\",\r\n          \"endColor\": \"#00000000\",\r\n          \"startColor\": \"#00000099\"\r\n        },\r\n        \"width\": \"100%\",\r\n        \"height\": \"40%\",\r\n        \"offsetBottom\": \"0px\",\r\n        \"offsetStart\": \"0px\",\r\n        \"offsetEnd\": \"0px\"\r\n      },\r\n      {\r\n        \"type\": \"box\",\r\n        \"layout\": \"horizontal\",\r\n        \"contents\": [\r\n          {\r\n            \"type\": \"box\",\r\n            \"layout\": \"vertical\",\r\n            \"contents\": [\r\n              {\r\n                \"type\": \"box\",\r\n                \"layout\": \"horizontal\",\r\n                \"contents\": [\r\n                  {\r\n                    \"type\": \"text\",\r\n                    \"text\": \"世界越快 心則慢\",\r\n                    \"size\": \"xl\",\r\n                    \"color\": \"#ffffff\"\r\n                  }\r\n                ]\r\n              },\r\n              {\r\n                \"type\": \"box\",\r\n                \"layout\": \"baseline\",\r\n                \"contents\": [\r\n                  {\r\n                    \"type\": \"text\",\r\n                    \"text\": \"好想賣掉房子去環遊世界\",\r\n                    \"color\": \"#FFFFFF\"\r\n                  }\r\n                ],\r\n                \"spacing\": \"xs\"\r\n              },\r\n              {\r\n                \"type\": \"box\",\r\n                \"layout\": \"horizontal\",\r\n                \"contents\": [\r\n                  {\r\n                    \"type\": \"box\",\r\n                    \"layout\": \"baseline\",\r\n                    \"contents\": [\r\n                      {\r\n                        \"type\": \"text\",\r\n                        \"text\": \"但房東不准\",\r\n                        \"color\": \"#a9a9a9\",\r\n                        \"size\": \"md\",\r\n                        \"flex\": 0,\r\n                        \"align\": \"end\"\r\n                      },\r\n                      {\r\n                        \"type\": \"text\",\r\n                        \"color\": \"#a9a9a9\",\r\n                        \"decoration\": \"line-through\",\r\n                        \"size\": \"sm\",\r\n                        \"align\": \"end\",\r\n                        \"text\": \" \"\r\n                      }\r\n                    ],\r\n                    \"flex\": 0,\r\n                    \"spacing\": \"lg\"\r\n                  }\r\n                ]\r\n              }\r\n            ],\r\n            \"spacing\": \"xs\"\r\n          }\r\n        ],\r\n        \"position\": \"absolute\",\r\n        \"offsetBottom\": \"0px\",\r\n        \"offsetStart\": \"0px\",\r\n        \"offsetEnd\": \"0px\",\r\n        \"paddingAll\": \"20px\"\r\n      }\r\n    ],\r\n    \"paddingAll\": \"0px\"\r\n  }\r\n}',''),(9,1,'2022-11-28','人不帥再暖都變態','{\r\n  \"type\": \"bubble\",\r\n  \"body\": {\r\n    \"type\": \"box\",\r\n    \"layout\": \"vertical\",\r\n    \"contents\": [\r\n      {\r\n        \"type\": \"image\",\r\n        \"url\": \"https://i.imgur.com/n0fHEuM.png\",\r\n        \"size\": \"full\",\r\n        \"aspectMode\": \"cover\",\r\n        \"aspectRatio\": \"1:1\",\r\n        \"gravity\": \"center\"\r\n      },\r\n      {\r\n        \"type\": \"box\",\r\n        \"layout\": \"vertical\",\r\n        \"contents\": [],\r\n        \"position\": \"absolute\",\r\n        \"background\": {\r\n          \"type\": \"linearGradient\",\r\n          \"angle\": \"0deg\",\r\n          \"endColor\": \"#00000000\",\r\n          \"startColor\": \"#00000099\"\r\n        },\r\n        \"width\": \"100%\",\r\n        \"height\": \"40%\",\r\n        \"offsetBottom\": \"0px\",\r\n        \"offsetStart\": \"0px\",\r\n        \"offsetEnd\": \"0px\"\r\n      },\r\n      {\r\n        \"type\": \"box\",\r\n        \"layout\": \"horizontal\",\r\n        \"contents\": [\r\n          {\r\n            \"type\": \"box\",\r\n            \"layout\": \"vertical\",\r\n            \"contents\": [\r\n              {\r\n                \"type\": \"box\",\r\n                \"layout\": \"horizontal\",\r\n                \"contents\": [\r\n                  {\r\n                    \"type\": \"text\",\r\n                    \"text\": \"11/28 早安，朋友們\",\r\n                    \"size\": \"xl\",\r\n                    \"color\": \"#ffffff\"\r\n                  }\r\n                ]\r\n              },\r\n              {\r\n                \"type\": \"box\",\r\n                \"layout\": \"baseline\",\r\n                \"contents\": [\r\n                  {\r\n                    \"type\": \"text\",\r\n                    \"text\": \"白天回暖早晚仍涼\",\r\n                    \"color\": \"#a9a9a9\"\r\n                  }\r\n                ],\r\n                \"spacing\": \"xs\"\r\n              },\r\n              {\r\n                \"type\": \"box\",\r\n                \"layout\": \"horizontal\",\r\n                \"contents\": [\r\n                  {\r\n                    \"type\": \"box\",\r\n                    \"layout\": \"baseline\",\r\n                    \"contents\": [\r\n                      {\r\n                        \"type\": \"text\",\r\n                        \"text\": \"人若不帥，再暖都是變態\",\r\n                        \"color\": \"#ffffff\",\r\n                        \"size\": \"md\",\r\n                        \"flex\": 0,\r\n                        \"align\": \"end\"\r\n                      }\r\n                    ],\r\n                    \"flex\": 0,\r\n                    \"spacing\": \"lg\"\r\n                  }\r\n                ]\r\n              }\r\n            ],\r\n            \"spacing\": \"xs\"\r\n          }\r\n        ],\r\n        \"position\": \"absolute\",\r\n        \"offsetBottom\": \"0px\",\r\n        \"offsetStart\": \"0px\",\r\n        \"offsetEnd\": \"0px\",\r\n        \"paddingAll\": \"20px\"\r\n      }\r\n    ],\r\n    \"paddingAll\": \"0px\"\r\n  }\r\n}',''),(10,1,'2022-11-29','放下','{\r\n  \"type\": \"bubble\",\r\n  \"body\": {\r\n    \"type\": \"box\",\r\n    \"layout\": \"vertical\",\r\n    \"contents\": [\r\n      {\r\n        \"type\": \"image\",\r\n        \"url\": \"https://i.imgur.com/FMLQv62.jpg\",\r\n        \"size\": \"full\",\r\n        \"aspectMode\": \"cover\",\r\n        \"aspectRatio\": \"1:1\",\r\n        \"gravity\": \"center\"\r\n      },\r\n      {\r\n        \"type\": \"box\",\r\n        \"layout\": \"vertical\",\r\n        \"contents\": [],\r\n        \"position\": \"absolute\",\r\n        \"background\": {\r\n          \"type\": \"linearGradient\",\r\n          \"angle\": \"0deg\",\r\n          \"endColor\": \"#00000000\",\r\n          \"startColor\": \"#00000099\"\r\n        },\r\n        \"width\": \"100%\",\r\n        \"height\": \"40%\",\r\n        \"offsetBottom\": \"0px\",\r\n        \"offsetStart\": \"0px\",\r\n        \"offsetEnd\": \"0px\"\r\n      },\r\n      {\r\n        \"type\": \"box\",\r\n        \"layout\": \"horizontal\",\r\n        \"contents\": [\r\n          {\r\n            \"type\": \"box\",\r\n            \"layout\": \"vertical\",\r\n            \"contents\": [\r\n              {\r\n                \"type\": \"box\",\r\n                \"layout\": \"horizontal\",\r\n                \"contents\": [\r\n                  {\r\n                    \"type\": \"text\",\r\n                    \"text\": \"11/29 放下\",\r\n                    \"size\": \"xl\",\r\n                    \"color\": \"#ffffff\"\r\n                  }\r\n                ]\r\n              },\r\n              {\r\n                \"type\": \"box\",\r\n                \"layout\": \"baseline\",\r\n                \"contents\": [\r\n                  {\r\n                    \"type\": \"text\",\r\n                    \"text\": \"人生，沒有過不去的當下\",\r\n                    \"color\": \"#a9a9a9\"\r\n                  }\r\n                ],\r\n                \"spacing\": \"xs\"\r\n              },\r\n              {\r\n                \"type\": \"box\",\r\n                \"layout\": \"horizontal\",\r\n                \"contents\": [\r\n                  {\r\n                    \"type\": \"box\",\r\n                    \"layout\": \"baseline\",\r\n                    \"contents\": [\r\n                      {\r\n                        \"type\": \"text\",\r\n                        \"text\": \"只有回不去的遺憾\",\r\n                        \"color\": \"#ffffff\",\r\n                        \"size\": \"md\",\r\n                        \"flex\": 0,\r\n                        \"align\": \"end\"\r\n                      }\r\n                    ],\r\n                    \"flex\": 0,\r\n                    \"spacing\": \"lg\"\r\n                  }\r\n                ]\r\n              }\r\n            ],\r\n            \"spacing\": \"xs\"\r\n          }\r\n        ],\r\n        \"position\": \"absolute\",\r\n        \"offsetBottom\": \"0px\",\r\n        \"offsetStart\": \"0px\",\r\n        \"offsetEnd\": \"0px\",\r\n        \"paddingAll\": \"20px\"\r\n      }\r\n    ],\r\n    \"paddingAll\": \"0px\"\r\n  }\r\n}',''),(11,1,'2022-11-29','嘉釧生日卡','{\r\n  \"type\": \"bubble\",\r\n  \"body\": {\r\n    \"type\": \"box\",\r\n    \"layout\": \"vertical\",\r\n    \"contents\": [\r\n      {\r\n        \"type\": \"image\",\r\n        \"url\": \"https://i.imgur.com/GyFfUBf.png\",\r\n        \"size\": \"full\",\r\n        \"aspectMode\": \"cover\",\r\n        \"aspectRatio\": \"1:1\",\r\n        \"gravity\": \"center\"\r\n      },\r\n      {\r\n        \"type\": \"box\",\r\n        \"layout\": \"vertical\",\r\n        \"contents\": [],\r\n        \"position\": \"absolute\",\r\n        \"background\": {\r\n          \"type\": \"linearGradient\",\r\n          \"angle\": \"0deg\",\r\n          \"endColor\": \"#00000000\",\r\n          \"startColor\": \"#00000099\"\r\n        },\r\n        \"width\": \"100%\",\r\n        \"height\": \"40%\",\r\n        \"offsetBottom\": \"0px\",\r\n        \"offsetStart\": \"0px\",\r\n        \"offsetEnd\": \"0px\"\r\n      }\r\n    ],\r\n    \"paddingAll\": \"0px\"\r\n  }\r\n}',''),(12,1,'2022-11-30','建安生日','{\r\n    \"type\": \"bubble\",\r\n    \"body\": {\r\n      \"type\": \"box\",\r\n      \"layout\": \"vertical\",\r\n      \"contents\": [\r\n        {\r\n          \"type\": \"image\",\r\n          \"url\": \"https://i.imgur.com/I2CXao1.png\",\r\n          \"size\": \"full\",\r\n          \"aspectMode\": \"cover\",\r\n          \"aspectRatio\": \"1:1\",\r\n          \"gravity\": \"center\"\r\n        },\r\n        {\r\n          \"type\": \"box\",\r\n          \"layout\": \"vertical\",\r\n          \"contents\": [],\r\n          \"position\": \"absolute\",\r\n          \"background\": {\r\n            \"type\": \"linearGradient\",\r\n            \"angle\": \"0deg\",\r\n            \"endColor\": \"#00000000\",\r\n            \"startColor\": \"#00000099\"\r\n          },\r\n          \"width\": \"100%\",\r\n          \"height\": \"40%\",\r\n          \"offsetBottom\": \"0px\",\r\n          \"offsetStart\": \"0px\",\r\n          \"offsetEnd\": \"0px\"\r\n        },\r\n        {\r\n          \"type\": \"box\",\r\n          \"layout\": \"horizontal\",\r\n          \"contents\": [\r\n            {\r\n              \"type\": \"box\",\r\n              \"layout\": \"vertical\",\r\n              \"contents\": [\r\n                {\r\n                  \"type\": \"box\",\r\n                  \"layout\": \"horizontal\",\r\n                  \"contents\": [\r\n                    {\r\n                      \"type\": \"text\",\r\n                      \"text\": \"生日快樂\",\r\n                      \"size\": \"xl\",\r\n                      \"color\": \"#ffffff\"\r\n                    }\r\n                  ]\r\n                },\r\n                {\r\n                  \"type\": \"box\",\r\n                  \"layout\": \"baseline\",\r\n                  \"contents\": [\r\n                    {\r\n                      \"type\": \"text\",\r\n                      \"text\": \"祝福建安\",\r\n                      \"color\": \"#a9a9a9\"\r\n                    }\r\n                  ],\r\n                  \"spacing\": \"xs\"\r\n                },\r\n                {\r\n                  \"type\": \"box\",\r\n                  \"layout\": \"horizontal\",\r\n                  \"contents\": [\r\n                    {\r\n                      \"type\": \"box\",\r\n                      \"layout\": \"baseline\",\r\n                      \"contents\": [\r\n                        {\r\n                          \"type\": \"text\",\r\n                          \"text\": \"希望你的所有願望都能成真\",\r\n                          \"color\": \"#ffffff\",\r\n                          \"size\": \"md\",\r\n                          \"flex\": 0,\r\n                          \"align\": \"start\",\r\n                          \"wrap\": true\r\n                        }\r\n                      ],\r\n                      \"flex\": 0,\r\n                      \"spacing\": \"lg\"\r\n                    }\r\n                  ]\r\n                }\r\n              ],\r\n              \"spacing\": \"xs\"\r\n            }\r\n          ],\r\n          \"position\": \"absolute\",\r\n          \"offsetBottom\": \"0px\",\r\n          \"offsetStart\": \"0px\",\r\n          \"offsetEnd\": \"0px\",\r\n          \"paddingAll\": \"20px\"\r\n        }\r\n      ],\r\n      \"paddingAll\": \"0px\"\r\n    },\r\n    \"styles\": {\r\n      \"footer\": {\r\n        \"separator\": true\r\n      }\r\n    }\r\n  }',''),(13,1,'2022-11-30','幼稚園好混','{\r\n  \"type\": \"bubble\",\r\n  \"body\": {\r\n    \"type\": \"box\",\r\n    \"layout\": \"vertical\",\r\n    \"contents\": [\r\n      {\r\n        \"type\": \"image\",\r\n        \"url\": \"https://i.imgur.com/IoVAxts.jpg\",\r\n        \"size\": \"full\",\r\n        \"aspectMode\": \"cover\",\r\n        \"aspectRatio\": \"1:1\",\r\n        \"gravity\": \"center\"\r\n      },\r\n      {\r\n        \"type\": \"box\",\r\n        \"layout\": \"vertical\",\r\n        \"contents\": [],\r\n        \"position\": \"absolute\",\r\n        \"background\": {\r\n          \"type\": \"linearGradient\",\r\n          \"angle\": \"0deg\",\r\n          \"endColor\": \"#00000000\",\r\n          \"startColor\": \"#00000099\"\r\n        },\r\n        \"width\": \"100%\",\r\n        \"height\": \"40%\",\r\n        \"offsetBottom\": \"0px\",\r\n        \"offsetStart\": \"0px\",\r\n        \"offsetEnd\": \"0px\"\r\n      },\r\n      {\r\n        \"type\": \"box\",\r\n        \"layout\": \"horizontal\",\r\n        \"contents\": [\r\n          {\r\n            \"type\": \"box\",\r\n            \"layout\": \"vertical\",\r\n            \"contents\": [\r\n              {\r\n                \"type\": \"box\",\r\n                \"layout\": \"horizontal\",\r\n                \"contents\": [\r\n                  {\r\n                    \"type\": \"text\",\r\n                    \"text\": \"氣溫驟降 注意保暖\",\r\n                    \"size\": \"xl\",\r\n                    \"color\": \"#ffffff\"\r\n                  }\r\n                ]\r\n              },\r\n              {\r\n                \"type\": \"box\",\r\n                \"layout\": \"baseline\",\r\n                \"contents\": [\r\n                  {\r\n                    \"type\": \"text\",\r\n                    \"text\": \"外出多加件衣物及雨具\",\r\n                    \"color\": \"#a9a9a9\"\r\n                  }\r\n                ],\r\n                \"spacing\": \"xs\"\r\n              },\r\n              {\r\n                \"type\": \"box\",\r\n                \"layout\": \"horizontal\",\r\n                \"contents\": [\r\n                  {\r\n                    \"type\": \"box\",\r\n                    \"layout\": \"baseline\",\r\n                    \"contents\": [\r\n                      {\r\n                        \"type\": \"text\",\r\n                        \"text\": \"念了十多年書 還是幼稚園好混\",\r\n                        \"color\": \"#ffffff\",\r\n                        \"size\": \"md\",\r\n                        \"flex\": 0,\r\n                        \"align\": \"start\",\r\n                        \"wrap\": true\r\n                      }\r\n                    ],\r\n                    \"flex\": 0,\r\n                    \"spacing\": \"lg\"\r\n                  }\r\n                ]\r\n              }\r\n            ],\r\n            \"spacing\": \"xs\"\r\n          }\r\n        ],\r\n        \"position\": \"absolute\",\r\n        \"offsetBottom\": \"0px\",\r\n        \"offsetStart\": \"0px\",\r\n        \"offsetEnd\": \"0px\",\r\n        \"paddingAll\": \"20px\"\r\n      }\r\n    ],\r\n    \"paddingAll\": \"0px\"\r\n  },\r\n  \"styles\": {\r\n    \"footer\": {\r\n      \"separator\": true\r\n    }\r\n  }\r\n}',''),(14,1,'2022-12-01','早安12月','{\r\n  \"type\": \"bubble\",\r\n  \"body\": {\r\n    \"type\": \"box\",\r\n    \"layout\": \"vertical\",\r\n    \"contents\": [\r\n      {\r\n        \"type\": \"image\",\r\n        \"url\": \"https://i.imgur.com/wn2hQnJ.jpg\",\r\n        \"size\": \"full\",\r\n        \"aspectMode\": \"cover\",\r\n        \"aspectRatio\": \"1:1\",\r\n        \"gravity\": \"center\"\r\n      },\r\n      {\r\n        \"type\": \"box\",\r\n        \"layout\": \"vertical\",\r\n        \"contents\": [],\r\n        \"position\": \"absolute\",\r\n        \"background\": {\r\n          \"type\": \"linearGradient\",\r\n          \"angle\": \"0deg\",\r\n          \"endColor\": \"#00000000\",\r\n          \"startColor\": \"#00000099\"\r\n        },\r\n        \"width\": \"100%\",\r\n        \"height\": \"40%\",\r\n        \"offsetBottom\": \"0px\",\r\n        \"offsetStart\": \"0px\",\r\n        \"offsetEnd\": \"0px\"\r\n      },\r\n      {\r\n        \"type\": \"box\",\r\n        \"layout\": \"horizontal\",\r\n        \"contents\": [\r\n          {\r\n            \"type\": \"box\",\r\n            \"layout\": \"vertical\",\r\n            \"contents\": [\r\n              {\r\n                \"type\": \"box\",\r\n                \"layout\": \"horizontal\",\r\n                \"contents\": [\r\n                  {\r\n                    \"type\": \"text\",\r\n                    \"text\": \"11月再見，早安12月\",\r\n                    \"size\": \"xl\",\r\n                    \"color\": \"#ffffff\"\r\n                  }\r\n                ]\r\n              },\r\n              {\r\n                \"type\": \"box\",\r\n                \"layout\": \"baseline\",\r\n                \"contents\": [\r\n                  {\r\n                    \"type\": \"text\",\r\n                    \"text\": \"有夢想才有遠方\",\r\n                    \"color\": \"#a9a9a9\"\r\n                  }\r\n                ],\r\n                \"spacing\": \"xs\"\r\n              },\r\n              {\r\n                \"type\": \"box\",\r\n                \"layout\": \"horizontal\",\r\n                \"contents\": [\r\n                  {\r\n                    \"type\": \"box\",\r\n                    \"layout\": \"baseline\",\r\n                    \"contents\": [\r\n                      {\r\n                        \"type\": \"text\",\r\n                        \"text\": \"願好友看淡世事 內心安然無恙\",\r\n                        \"color\": \"#ffffff\",\r\n                        \"size\": \"md\",\r\n                        \"flex\": 0,\r\n                        \"align\": \"start\",\r\n                        \"wrap\": true\r\n                      }\r\n                    ],\r\n                    \"flex\": 0,\r\n                    \"spacing\": \"lg\"\r\n                  }\r\n                ]\r\n              }\r\n            ],\r\n            \"spacing\": \"xs\"\r\n          }\r\n        ],\r\n        \"position\": \"absolute\",\r\n        \"offsetBottom\": \"0px\",\r\n        \"offsetStart\": \"0px\",\r\n        \"offsetEnd\": \"0px\",\r\n        \"paddingAll\": \"20px\"\r\n      }\r\n    ],\r\n    \"paddingAll\": \"0px\"\r\n  },\r\n  \"styles\": {\r\n    \"footer\": {\r\n      \"separator\": true\r\n    }\r\n  }\r\n}',''),(15,1,'2022-12-02','朋友','{\r\n  \"type\": \"bubble\",\r\n  \"body\": {\r\n    \"type\": \"box\",\r\n    \"layout\": \"vertical\",\r\n    \"contents\": [\r\n      {\r\n        \"type\": \"image\",\r\n        \"url\": \"https://i.imgur.com/IfZL8dd.jpg\",\r\n        \"size\": \"full\",\r\n        \"aspectMode\": \"cover\",\r\n        \"aspectRatio\": \"1:1\",\r\n        \"gravity\": \"center\"\r\n      },\r\n      {\r\n        \"type\": \"box\",\r\n        \"layout\": \"vertical\",\r\n        \"contents\": [],\r\n        \"position\": \"absolute\",\r\n        \"background\": {\r\n          \"type\": \"linearGradient\",\r\n          \"angle\": \"0deg\",\r\n          \"endColor\": \"#00000000\",\r\n          \"startColor\": \"#00000099\"\r\n        },\r\n        \"width\": \"100%\",\r\n        \"height\": \"40%\",\r\n        \"offsetBottom\": \"0px\",\r\n        \"offsetStart\": \"0px\",\r\n        \"offsetEnd\": \"0px\"\r\n      },\r\n      {\r\n        \"type\": \"box\",\r\n        \"layout\": \"horizontal\",\r\n        \"contents\": [\r\n          {\r\n            \"type\": \"box\",\r\n            \"layout\": \"vertical\",\r\n            \"contents\": [\r\n              {\r\n                \"type\": \"box\",\r\n                \"layout\": \"horizontal\",\r\n                \"contents\": [\r\n                  {\r\n                    \"type\": \"text\",\r\n                    \"text\": \"因為選擇了你作朋友\",\r\n                    \"size\": \"xl\",\r\n                    \"color\": \"#ffffff\"\r\n                  }\r\n                ]\r\n              },\r\n              {\r\n                \"type\": \"box\",\r\n                \"layout\": \"baseline\",\r\n                \"contents\": [\r\n                  {\r\n                    \"type\": \"text\",\r\n                    \"text\": \"無論成功失敗榮耀平凡\",\r\n                    \"color\": \"#a9a9a9\"\r\n                  }\r\n                ],\r\n                \"spacing\": \"xs\"\r\n              },\r\n              {\r\n                \"type\": \"box\",\r\n                \"layout\": \"horizontal\",\r\n                \"contents\": [\r\n                  {\r\n                    \"type\": \"box\",\r\n                    \"layout\": \"baseline\",\r\n                    \"contents\": [\r\n                      {\r\n                        \"type\": \"text\",\r\n                        \"text\": \"都關注你支持你理解你\",\r\n                        \"color\": \"#ffffff\",\r\n                        \"size\": \"md\",\r\n                        \"flex\": 0,\r\n                        \"align\": \"start\",\r\n                        \"wrap\": true\r\n                      }\r\n                    ],\r\n                    \"flex\": 0,\r\n                    \"spacing\": \"lg\"\r\n                  }\r\n                ]\r\n              }\r\n            ],\r\n            \"spacing\": \"xs\"\r\n          }\r\n        ],\r\n        \"position\": \"absolute\",\r\n        \"offsetBottom\": \"0px\",\r\n        \"offsetStart\": \"0px\",\r\n        \"offsetEnd\": \"0px\",\r\n        \"paddingAll\": \"20px\"\r\n      }\r\n    ],\r\n    \"paddingAll\": \"0px\"\r\n  },\r\n  \"styles\": {\r\n    \"footer\": {\r\n      \"separator\": true\r\n    }\r\n  }\r\n}',''),(16,1,'2022-12-03','會長協選舉','{\r\n  \"type\": \"bubble\",\r\n  \"body\": {\r\n    \"type\": \"box\",\r\n    \"layout\": \"vertical\",\r\n    \"contents\": [\r\n      {\r\n        \"type\": \"image\",\r\n        \"url\": \"https://i.imgur.com/t2HqkwZ.jpg\",\r\n        \"size\": \"full\",\r\n        \"aspectMode\": \"cover\",\r\n        \"aspectRatio\": \"1:1\",\r\n        \"gravity\": \"center\"\r\n      },\r\n      {\r\n        \"type\": \"box\",\r\n        \"layout\": \"vertical\",\r\n        \"contents\": [],\r\n        \"position\": \"absolute\",\r\n        \"background\": {\r\n          \"type\": \"linearGradient\",\r\n          \"angle\": \"0deg\",\r\n          \"endColor\": \"#00000000\",\r\n          \"startColor\": \"#00000099\"\r\n        },\r\n        \"width\": \"100%\",\r\n        \"height\": \"40%\",\r\n        \"offsetBottom\": \"0px\",\r\n        \"offsetStart\": \"0px\",\r\n        \"offsetEnd\": \"0px\"\r\n      },\r\n      {\r\n        \"type\": \"box\",\r\n        \"layout\": \"horizontal\",\r\n        \"contents\": [\r\n          {\r\n            \"type\": \"box\",\r\n            \"layout\": \"vertical\",\r\n            \"contents\": [\r\n              {\r\n                \"type\": \"box\",\r\n                \"layout\": \"horizontal\",\r\n                \"contents\": [\r\n                  {\r\n                    \"type\": \"text\",\r\n                    \"text\": \"心想事成\",\r\n                    \"size\": \"xl\",\r\n                    \"color\": \"#ffffff\"\r\n                  }\r\n                ]\r\n              },\r\n              {\r\n                \"type\": \"box\",\r\n                \"layout\": \"baseline\",\r\n                \"contents\": [\r\n                  {\r\n                    \"type\": \"text\",\r\n                    \"text\": \"一個善念 讓幸福蔓延\",\r\n                    \"color\": \"#a9a9a9\"\r\n                  }\r\n                ],\r\n                \"spacing\": \"xs\"\r\n              },\r\n              {\r\n                \"type\": \"box\",\r\n                \"layout\": \"horizontal\",\r\n                \"contents\": [\r\n                  {\r\n                    \"type\": \"box\",\r\n                    \"layout\": \"baseline\",\r\n                    \"contents\": [\r\n                      {\r\n                        \"type\": \"text\",\r\n                        \"text\": \"祝今日大會圓滿成功\",\r\n                        \"color\": \"#ffffff\",\r\n                        \"size\": \"md\",\r\n                        \"flex\": 0,\r\n                        \"align\": \"start\",\r\n                        \"wrap\": true\r\n                      }\r\n                    ],\r\n                    \"flex\": 0,\r\n                    \"spacing\": \"lg\"\r\n                  }\r\n                ]\r\n              }\r\n            ],\r\n            \"spacing\": \"xs\"\r\n          }\r\n        ],\r\n        \"position\": \"absolute\",\r\n        \"offsetBottom\": \"0px\",\r\n        \"offsetStart\": \"0px\",\r\n        \"offsetEnd\": \"0px\",\r\n        \"paddingAll\": \"20px\"\r\n      }\r\n    ],\r\n    \"paddingAll\": \"0px\"\r\n  },\r\n  \"styles\": {\r\n    \"footer\": {\r\n      \"separator\": true\r\n    }\r\n  }\r\n}',''),(17,1,'2022-12-05','改變能改變的','{\r\n  \"type\": \"bubble\",\r\n  \"body\": {\r\n    \"type\": \"box\",\r\n    \"layout\": \"vertical\",\r\n    \"contents\": [\r\n      {\r\n        \"type\": \"image\",\r\n        \"url\": \"https://i.imgur.com/mglEQtI.jpg\",\r\n        \"size\": \"full\",\r\n        \"aspectMode\": \"cover\",\r\n        \"aspectRatio\": \"1:1\",\r\n        \"gravity\": \"center\"\r\n      },\r\n      {\r\n        \"type\": \"box\",\r\n        \"layout\": \"vertical\",\r\n        \"contents\": [],\r\n        \"position\": \"absolute\",\r\n        \"background\": {\r\n          \"type\": \"linearGradient\",\r\n          \"angle\": \"0deg\",\r\n          \"endColor\": \"#00000000\",\r\n          \"startColor\": \"#00000099\"\r\n        },\r\n        \"width\": \"100%\",\r\n        \"height\": \"40%\",\r\n        \"offsetBottom\": \"0px\",\r\n        \"offsetStart\": \"0px\",\r\n        \"offsetEnd\": \"0px\"\r\n      },\r\n      {\r\n        \"type\": \"box\",\r\n        \"layout\": \"horizontal\",\r\n        \"contents\": [\r\n          {\r\n            \"type\": \"box\",\r\n            \"layout\": \"vertical\",\r\n            \"contents\": [\r\n              {\r\n                \"type\": \"box\",\r\n                \"layout\": \"horizontal\",\r\n                \"contents\": [\r\n                  {\r\n                    \"type\": \"text\",\r\n                    \"text\": \"日出東海落西山\",\r\n                    \"size\": \"xl\",\r\n                    \"color\": \"#ffffff\"\r\n                  }\r\n                ]\r\n              },\r\n              {\r\n                \"type\": \"box\",\r\n                \"layout\": \"baseline\",\r\n                \"contents\": [\r\n                  {\r\n                    \"type\": \"text\",\r\n                    \"text\": \"遇見你所遇見的人\",\r\n                    \"color\": \"#a9a9a9\"\r\n                  }\r\n                ],\r\n                \"spacing\": \"xs\"\r\n              },\r\n              {\r\n                \"type\": \"box\",\r\n                \"layout\": \"horizontal\",\r\n                \"contents\": [\r\n                  {\r\n                    \"type\": \"box\",\r\n                    \"layout\": \"baseline\",\r\n                    \"contents\": [\r\n                      {\r\n                        \"type\": \"text\",\r\n                        \"text\": \"改變能改變的，接受不能改變的\",\r\n                        \"color\": \"#ffffff\",\r\n                        \"size\": \"md\",\r\n                        \"flex\": 0,\r\n                        \"align\": \"start\",\r\n                        \"wrap\": true\r\n                      }\r\n                    ],\r\n                    \"flex\": 0,\r\n                    \"spacing\": \"lg\"\r\n                  }\r\n                ]\r\n              }\r\n            ],\r\n            \"spacing\": \"xs\"\r\n          }\r\n        ],\r\n        \"position\": \"absolute\",\r\n        \"offsetBottom\": \"0px\",\r\n        \"offsetStart\": \"0px\",\r\n        \"offsetEnd\": \"0px\",\r\n        \"paddingAll\": \"20px\"\r\n      }\r\n    ],\r\n    \"paddingAll\": \"0px\"\r\n  },\r\n  \"styles\": {\r\n    \"footer\": {\r\n      \"separator\": true\r\n    }\r\n  }\r\n}',''),(18,1,'2022-12-06','專注','{\r\n  \"type\": \"bubble\",\r\n  \"body\": {\r\n    \"type\": \"box\",\r\n    \"layout\": \"vertical\",\r\n    \"contents\": [\r\n      {\r\n        \"type\": \"image\",\r\n        \"url\": \"https://i.imgur.com/Nx3QRde.jpg\",\r\n        \"size\": \"full\",\r\n        \"aspectMode\": \"cover\",\r\n        \"aspectRatio\": \"1:1\",\r\n        \"gravity\": \"center\"\r\n      },\r\n      {\r\n        \"type\": \"box\",\r\n        \"layout\": \"vertical\",\r\n        \"contents\": [],\r\n        \"position\": \"absolute\",\r\n        \"background\": {\r\n          \"type\": \"linearGradient\",\r\n          \"angle\": \"0deg\",\r\n          \"endColor\": \"#00000000\",\r\n          \"startColor\": \"#00000099\"\r\n        },\r\n        \"width\": \"100%\",\r\n        \"height\": \"40%\",\r\n        \"offsetBottom\": \"0px\",\r\n        \"offsetStart\": \"0px\",\r\n        \"offsetEnd\": \"0px\"\r\n      },\r\n      {\r\n        \"type\": \"box\",\r\n        \"layout\": \"horizontal\",\r\n        \"contents\": [\r\n          {\r\n            \"type\": \"box\",\r\n            \"layout\": \"vertical\",\r\n            \"contents\": [\r\n              {\r\n                \"type\": \"box\",\r\n                \"layout\": \"horizontal\",\r\n                \"contents\": [\r\n                  {\r\n                    \"type\": \"text\",\r\n                    \"text\": \"專注你的夢想\",\r\n                    \"size\": \"xl\",\r\n                    \"color\": \"#ffffff\"\r\n                  }\r\n                ]\r\n              },\r\n              {\r\n                \"type\": \"box\",\r\n                \"layout\": \"baseline\",\r\n                \"contents\": [\r\n                  {\r\n                    \"type\": \"text\",\r\n                    \"text\": \"花苞多 剪掉些，專注只開一朵花\",\r\n                    \"color\": \"#a9a9a9\"\r\n                  }\r\n                ],\r\n                \"spacing\": \"xs\"\r\n              },\r\n              {\r\n                \"type\": \"box\",\r\n                \"layout\": \"horizontal\",\r\n                \"contents\": [\r\n                  {\r\n                    \"type\": \"box\",\r\n                    \"layout\": \"baseline\",\r\n                    \"contents\": [\r\n                      {\r\n                        \"type\": \"text\",\r\n                        \"text\": \"無所不專的專家常常是一無所專\",\r\n                        \"color\": \"#ffffff\",\r\n                        \"size\": \"md\",\r\n                        \"flex\": 0,\r\n                        \"align\": \"start\",\r\n                        \"wrap\": true\r\n                      }\r\n                    ],\r\n                    \"flex\": 0,\r\n                    \"spacing\": \"lg\"\r\n                  }\r\n                ]\r\n              }\r\n            ],\r\n            \"spacing\": \"xs\"\r\n          }\r\n        ],\r\n        \"position\": \"absolute\",\r\n        \"offsetBottom\": \"0px\",\r\n        \"offsetStart\": \"0px\",\r\n        \"offsetEnd\": \"0px\",\r\n        \"paddingAll\": \"20px\"\r\n      }\r\n    ],\r\n    \"paddingAll\": \"0px\"\r\n  },\r\n  \"styles\": {\r\n    \"footer\": {\r\n      \"separator\": true\r\n    }\r\n  }\r\n}',''),(19,1,'2022-12-08','早安','{\r\n  \"type\": \"bubble\",\r\n  \"body\": {\r\n    \"type\": \"box\",\r\n    \"layout\": \"vertical\",\r\n    \"contents\": [\r\n      {\r\n        \"type\": \"image\",\r\n        \"url\": \"https://i.imgur.com/XHGd1xm.jpg\",\r\n        \"size\": \"full\",\r\n        \"aspectMode\": \"cover\",\r\n        \"aspectRatio\": \"1:1\",\r\n        \"gravity\": \"center\"\r\n      },\r\n      {\r\n        \"type\": \"box\",\r\n        \"layout\": \"vertical\",\r\n        \"contents\": [],\r\n        \"position\": \"absolute\",\r\n        \"background\": {\r\n          \"type\": \"linearGradient\",\r\n          \"angle\": \"0deg\",\r\n          \"endColor\": \"#00000000\",\r\n          \"startColor\": \"#00000099\"\r\n        },\r\n        \"width\": \"100%\",\r\n        \"height\": \"40%\",\r\n        \"offsetBottom\": \"0px\",\r\n        \"offsetStart\": \"0px\",\r\n        \"offsetEnd\": \"0px\"\r\n      },\r\n      {\r\n        \"type\": \"box\",\r\n        \"layout\": \"horizontal\",\r\n        \"contents\": [\r\n          {\r\n            \"type\": \"box\",\r\n            \"layout\": \"vertical\",\r\n            \"contents\": [\r\n              {\r\n                \"type\": \"box\",\r\n                \"layout\": \"horizontal\",\r\n                \"contents\": [\r\n                  {\r\n                    \"type\": \"text\",\r\n                    \"text\": \"一句早安 關懷無限\",\r\n                    \"size\": \"xl\",\r\n                    \"color\": \"#ffffff\"\r\n                  }\r\n                ]\r\n              },\r\n              {\r\n                \"type\": \"box\",\r\n                \"layout\": \"baseline\",\r\n                \"contents\": [\r\n                  {\r\n                    \"type\": \"text\",\r\n                    \"text\": \"能接受選擇的有限，才能優雅的長大\",\r\n                    \"color\": \"#a9a9a9\"\r\n                  }\r\n                ],\r\n                \"spacing\": \"xs\"\r\n              },\r\n              {\r\n                \"type\": \"box\",\r\n                \"layout\": \"horizontal\",\r\n                \"contents\": [\r\n                  {\r\n                    \"type\": \"box\",\r\n                    \"layout\": \"baseline\",\r\n                    \"contents\": [\r\n                      {\r\n                        \"type\": \"text\",\r\n                        \"text\": \"一個巴掌打不響，那就兩個吧\",\r\n                        \"color\": \"#ffffff\",\r\n                        \"size\": \"md\",\r\n                        \"flex\": 0,\r\n                        \"align\": \"end\"\r\n                      }\r\n                    ],\r\n                    \"flex\": 0,\r\n                    \"spacing\": \"lg\"\r\n                  }\r\n                ]\r\n              }\r\n            ],\r\n            \"spacing\": \"xs\"\r\n          }\r\n        ],\r\n        \"position\": \"absolute\",\r\n        \"offsetBottom\": \"0px\",\r\n        \"offsetStart\": \"0px\",\r\n        \"offsetEnd\": \"0px\",\r\n        \"paddingAll\": \"20px\"\r\n      }\r\n    ],\r\n    \"paddingAll\": \"0px\"\r\n  }\r\n}',''),(20,1,'2022-12-09','第一次理監事聯席會議','{\r\n  \"type\": \"bubble\",\r\n  \"body\": {\r\n    \"type\": \"box\",\r\n    \"layout\": \"vertical\",\r\n    \"contents\": [\r\n      {\r\n        \"type\": \"image\",\r\n        \"url\": \"https://i.imgur.com/bmpev8U.jpg\",\r\n        \"size\": \"full\",\r\n        \"aspectMode\": \"cover\",\r\n        \"gravity\": \"center\"\r\n      },\r\n      {\r\n        \"type\": \"box\",\r\n        \"layout\": \"vertical\",\r\n        \"contents\": [],\r\n        \"position\": \"absolute\",\r\n        \"background\": {\r\n          \"type\": \"linearGradient\",\r\n          \"angle\": \"0deg\",\r\n          \"endColor\": \"#00000000\",\r\n          \"startColor\": \"#00000099\"\r\n        },\r\n        \"width\": \"100%\",\r\n        \"height\": \"40%\",\r\n        \"offsetBottom\": \"0px\",\r\n        \"offsetStart\": \"0px\",\r\n        \"offsetEnd\": \"0px\"\r\n      },\r\n      {\r\n        \"type\": \"box\",\r\n        \"layout\": \"horizontal\",\r\n        \"contents\": [\r\n          {\r\n            \"type\": \"box\",\r\n            \"layout\": \"vertical\",\r\n            \"contents\": [\r\n              {\r\n                \"type\": \"box\",\r\n                \"layout\": \"horizontal\",\r\n                \"contents\": [\r\n                  {\r\n                    \"type\": \"text\",\r\n                    \"text\": \"第一次理監事聯席會議\",\r\n                    \"size\": \"xl\",\r\n                    \"color\": \"#ffffff\"\r\n                  }\r\n                ]\r\n              },\r\n              {\r\n                \"type\": \"button\",\r\n                \"action\": {\r\n                  \"type\": \"uri\",\r\n                  \"label\": \"活動照片\",\r\n                  \"uri\": \"https://shorturl.at/flpS9\"\r\n                },\r\n                \"style\": \"primary\"\r\n              }\r\n            ],\r\n            \"spacing\": \"xs\"\r\n          }\r\n        ],\r\n        \"position\": \"absolute\",\r\n        \"offsetBottom\": \"0px\",\r\n        \"offsetStart\": \"0px\",\r\n        \"offsetEnd\": \"0px\",\r\n        \"paddingAll\": \"20px\"\r\n      }\r\n    ],\r\n    \"paddingAll\": \"0px\"\r\n  }\r\n}',''),(21,1,'2022-12-09','五常校慶邀請函','{\r\n      \"type\": \"bubble\",\r\n      \"body\": {\r\n        \"type\": \"box\",\r\n        \"layout\": \"vertical\",\r\n        \"contents\": [\r\n          {\r\n            \"type\": \"image\",\r\n            \"url\": \"https://i.imgur.com/htYvlJi.png\",\r\n            \"size\": \"full\",\r\n            \"aspectMode\": \"cover\",\r\n            \"gravity\": \"top\",\r\n            \"action\": {\r\n              \"type\": \"uri\",\r\n              \"label\": \"action\",\r\n              \"uri\": \"https://www.justdrink.com.tw/iamparents/showimage?img=https://i.imgur.com/htYvlJi.png\"\r\n            }\r\n          },\r\n          {\r\n            \"type\": \"box\",\r\n            \"layout\": \"vertical\",\r\n            \"contents\": [\r\n              {\r\n                \"type\": \"text\",\r\n                \"text\": \"五常國中\",\r\n                \"color\": \"#ffffff\",\r\n                \"align\": \"center\",\r\n                \"size\": \"xxs\",\r\n                \"offsetTop\": \"3px\"\r\n              }\r\n            ],\r\n            \"position\": \"absolute\",\r\n            \"cornerRadius\": \"20px\",\r\n            \"offsetTop\": \"18px\",\r\n            \"backgroundColor\": \"#ff334b\",\r\n            \"offsetStart\": \"18px\",\r\n            \"height\": \"25px\",\r\n            \"width\": \"53px\"\r\n          }\r\n        ],\r\n        \"paddingAll\": \"0px\",\r\n        \"action\": {\r\n          \"type\": \"uri\",\r\n          \"label\": \"放大圖\",\r\n          \"uri\": \"https://i.imgur.com/M7aerP6.png\"\r\n        }\r\n      }\r\n    },\r\n    {\r\n      \"type\": \"bubble\",\r\n      \"body\": {\r\n        \"type\": \"box\",\r\n        \"layout\": \"vertical\",\r\n        \"contents\": [\r\n          {\r\n            \"type\": \"image\",\r\n            \"url\": \"https://i.imgur.com/M7aerP6.png\",\r\n            \"size\": \"full\",\r\n            \"aspectMode\": \"cover\",\r\n            \"aspectRatio\": \"2:3\",\r\n            \"gravity\": \"top\",\r\n            \"action\": {\r\n              \"type\": \"uri\",\r\n              \"label\": \"action\",\r\n              \"uri\": \"https://www.justdrink.com.tw/iamparents/showimage?img=https://i.imgur.com/M7aerP6.png\"\r\n            }\r\n          }\r\n        ],\r\n        \"paddingAll\": \"0px\"\r\n      }\r\n    }',''),(22,1,'2022-12-12','天冷','{\r\n  \"type\": \"bubble\",\r\n  \"body\": {\r\n    \"type\": \"box\",\r\n    \"layout\": \"vertical\",\r\n    \"contents\": [\r\n      {\r\n        \"type\": \"image\",\r\n        \"url\": \"https://i.imgur.com/VhPIRH4.jpg\",\r\n        \"size\": \"full\",\r\n        \"aspectMode\": \"cover\",\r\n        \"aspectRatio\": \"1:1\",\r\n        \"gravity\": \"center\"\r\n      },\r\n      {\r\n        \"type\": \"box\",\r\n        \"layout\": \"vertical\",\r\n        \"contents\": [],\r\n        \"position\": \"absolute\",\r\n        \"background\": {\r\n          \"type\": \"linearGradient\",\r\n          \"angle\": \"0deg\",\r\n          \"endColor\": \"#00000000\",\r\n          \"startColor\": \"#00000099\"\r\n        },\r\n        \"width\": \"100%\",\r\n        \"height\": \"40%\",\r\n        \"offsetBottom\": \"0px\",\r\n        \"offsetStart\": \"0px\",\r\n        \"offsetEnd\": \"0px\"\r\n      },\r\n      {\r\n        \"type\": \"box\",\r\n        \"layout\": \"horizontal\",\r\n        \"contents\": [\r\n          {\r\n            \"type\": \"box\",\r\n            \"layout\": \"vertical\",\r\n            \"contents\": [\r\n              {\r\n                \"type\": \"box\",\r\n                \"layout\": \"horizontal\",\r\n                \"contents\": [\r\n                  {\r\n                    \"type\": \"text\",\r\n                    \"text\": \"天冷降溫了\",\r\n                    \"size\": \"xl\",\r\n                    \"color\": \"#ffffff\"\r\n                  }\r\n                ]\r\n              },\r\n              {\r\n                \"type\": \"box\",\r\n                \"layout\": \"baseline\",\r\n                \"contents\": [\r\n                  {\r\n                    \"type\": \"text\",\r\n                    \"text\": \"記得和朋友抱一抱\",\r\n                    \"color\": \"#a9a9a9\"\r\n                  }\r\n                ],\r\n                \"spacing\": \"xs\"\r\n              },\r\n              {\r\n                \"type\": \"box\",\r\n                \"layout\": \"horizontal\",\r\n                \"contents\": [\r\n                  {\r\n                    \"type\": \"box\",\r\n                    \"layout\": \"baseline\",\r\n                    \"contents\": [\r\n                      {\r\n                        \"type\": \"text\",\r\n                        \"text\": \"如果冷，就蹲在牆角，那裡有90度\",\r\n                        \"color\": \"#ffffff\",\r\n                        \"size\": \"md\",\r\n                        \"flex\": 0,\r\n                        \"align\": \"end\"\r\n                      }\r\n                    ],\r\n                    \"flex\": 0,\r\n                    \"spacing\": \"lg\"\r\n                  }\r\n                ]\r\n              }\r\n            ],\r\n            \"spacing\": \"xs\"\r\n          }\r\n        ],\r\n        \"position\": \"absolute\",\r\n        \"offsetBottom\": \"0px\",\r\n        \"offsetStart\": \"0px\",\r\n        \"offsetEnd\": \"0px\",\r\n        \"paddingAll\": \"20px\"\r\n      }\r\n    ],\r\n    \"paddingAll\": \"0px\"\r\n  }\r\n}',''),(23,1,'2022-12-14','夕陽有盡','{\r\n  \"type\": \"bubble\",\r\n  \"body\": {\r\n    \"type\": \"box\",\r\n    \"layout\": \"vertical\",\r\n    \"contents\": [\r\n      {\r\n        \"type\": \"image\",\r\n        \"url\": \"https://i.imgur.com/npiUX8u.jpg\",\r\n        \"size\": \"full\",\r\n        \"aspectMode\": \"cover\",\r\n        \"aspectRatio\": \"1:1\",\r\n        \"gravity\": \"center\"\r\n      },\r\n      {\r\n        \"type\": \"box\",\r\n        \"layout\": \"vertical\",\r\n        \"contents\": [],\r\n        \"position\": \"absolute\",\r\n        \"background\": {\r\n          \"type\": \"linearGradient\",\r\n          \"angle\": \"0deg\",\r\n          \"endColor\": \"#00000000\",\r\n          \"startColor\": \"#00000099\"\r\n        },\r\n        \"width\": \"100%\",\r\n        \"height\": \"40%\",\r\n        \"offsetBottom\": \"0px\",\r\n        \"offsetStart\": \"0px\",\r\n        \"offsetEnd\": \"0px\"\r\n      },\r\n      {\r\n        \"type\": \"box\",\r\n        \"layout\": \"horizontal\",\r\n        \"contents\": [\r\n          {\r\n            \"type\": \"box\",\r\n            \"layout\": \"vertical\",\r\n            \"contents\": [\r\n              {\r\n                \"type\": \"box\",\r\n                \"layout\": \"horizontal\",\r\n                \"contents\": [\r\n                  {\r\n                    \"type\": \"text\",\r\n                    \"text\": \"夕陽有盡，我願無窮\",\r\n                    \"size\": \"xl\",\r\n                    \"color\": \"#ffffff\"\r\n                  }\r\n                ]\r\n              },\r\n              {\r\n                \"type\": \"box\",\r\n                \"layout\": \"baseline\",\r\n                \"contents\": [\r\n                  {\r\n                    \"type\": \"text\",\r\n                    \"text\": \"一個善念 讓幸福蔓延\",\r\n                    \"color\": \"#a9a9a9\"\r\n                  }\r\n                ],\r\n                \"spacing\": \"xs\"\r\n              },\r\n              {\r\n                \"type\": \"box\",\r\n                \"layout\": \"horizontal\",\r\n                \"contents\": [\r\n                  {\r\n                    \"type\": \"box\",\r\n                    \"layout\": \"baseline\",\r\n                    \"contents\": [\r\n                      {\r\n                        \"type\": \"text\",\r\n                        \"text\": \"生命中只要有使命，有目的，就會有新動力\",\r\n                        \"color\": \"#ffffff\",\r\n                        \"size\": \"md\",\r\n                        \"flex\": 0,\r\n                        \"align\": \"start\",\r\n                        \"wrap\": true\r\n                      }\r\n                    ],\r\n                    \"flex\": 0,\r\n                    \"spacing\": \"lg\"\r\n                  }\r\n                ]\r\n              }\r\n            ],\r\n            \"spacing\": \"xs\"\r\n          }\r\n        ],\r\n        \"position\": \"absolute\",\r\n        \"offsetBottom\": \"0px\",\r\n        \"offsetStart\": \"0px\",\r\n        \"offsetEnd\": \"0px\",\r\n        \"paddingAll\": \"20px\"\r\n      }\r\n    ],\r\n    \"paddingAll\": \"0px\"\r\n  },\r\n  \"styles\": {\r\n    \"footer\": {\r\n      \"separator\": true\r\n    }\r\n  }\r\n}',''),(24,1,'2022-12-15','天雨路滑','{\r\n  \"type\": \"bubble\",\r\n  \"body\": {\r\n    \"type\": \"box\",\r\n    \"layout\": \"vertical\",\r\n    \"contents\": [\r\n      {\r\n        \"type\": \"image\",\r\n        \"url\": \"https://i.imgur.com/z3JR4OB.jpg\",\r\n        \"size\": \"full\",\r\n        \"aspectMode\": \"cover\",\r\n        \"aspectRatio\": \"1:1\",\r\n        \"gravity\": \"center\"\r\n      },\r\n      {\r\n        \"type\": \"box\",\r\n        \"layout\": \"vertical\",\r\n        \"contents\": [],\r\n        \"position\": \"absolute\",\r\n        \"background\": {\r\n          \"type\": \"linearGradient\",\r\n          \"angle\": \"0deg\",\r\n          \"endColor\": \"#00000000\",\r\n          \"startColor\": \"#00000099\"\r\n        },\r\n        \"width\": \"100%\",\r\n        \"height\": \"40%\",\r\n        \"offsetBottom\": \"0px\",\r\n        \"offsetStart\": \"0px\",\r\n        \"offsetEnd\": \"0px\"\r\n      },\r\n      {\r\n        \"type\": \"box\",\r\n        \"layout\": \"horizontal\",\r\n        \"contents\": [\r\n          {\r\n            \"type\": \"box\",\r\n            \"layout\": \"vertical\",\r\n            \"contents\": [\r\n              {\r\n                \"type\": \"box\",\r\n                \"layout\": \"horizontal\",\r\n                \"contents\": [\r\n                  {\r\n                    \"type\": \"text\",\r\n                    \"text\": \"下雨路濕易滑 注意安全\",\r\n                    \"size\": \"xl\",\r\n                    \"color\": \"#ffffff\"\r\n                  }\r\n                ]\r\n              },\r\n              {\r\n                \"type\": \"box\",\r\n                \"layout\": \"baseline\",\r\n                \"contents\": [\r\n                  {\r\n                    \"type\": \"text\",\r\n                    \"text\": \"假如我年少有為 知進退\",\r\n                    \"color\": \"#a9FFFF\"\r\n                  }\r\n                ],\r\n                \"spacing\": \"xs\"\r\n              },\r\n              {\r\n                \"type\": \"box\",\r\n                \"layout\": \"horizontal\",\r\n                \"contents\": [\r\n                  {\r\n                    \"type\": \"box\",\r\n                    \"layout\": \"baseline\",\r\n                    \"contents\": [\r\n                      {\r\n                        \"type\": \"text\",\r\n                        \"text\": \"現在孩子一大堆\",\r\n                        \"color\": \"#ffffff\",\r\n                        \"size\": \"md\",\r\n                        \"flex\": 0,\r\n                        \"align\": \"start\",\r\n                        \"wrap\": true\r\n                      }\r\n                    ],\r\n                    \"flex\": 0,\r\n                    \"spacing\": \"lg\"\r\n                  }\r\n                ]\r\n              }\r\n            ],\r\n            \"spacing\": \"xs\"\r\n          }\r\n        ],\r\n        \"position\": \"absolute\",\r\n        \"offsetBottom\": \"0px\",\r\n        \"offsetStart\": \"0px\",\r\n        \"offsetEnd\": \"0px\",\r\n        \"paddingAll\": \"20px\"\r\n      }\r\n    ],\r\n    \"paddingAll\": \"0px\"\r\n  },\r\n  \"styles\": {\r\n    \"footer\": {\r\n      \"separator\": true\r\n    }\r\n  }\r\n}',''),(25,1,'2022-12-22','冬至祝福','{\r\n  \"type\": \"bubble\",\r\n  \"body\": {\r\n    \"type\": \"box\",\r\n    \"layout\": \"vertical\",\r\n    \"contents\": [\r\n      {\r\n        \"type\": \"image\",\r\n        \"url\": \"https://i.imgur.com/fZOBU7N.jpg\",\r\n        \"size\": \"full\",\r\n        \"aspectMode\": \"cover\",\r\n        \"aspectRatio\": \"1:1\",\r\n        \"gravity\": \"center\"\r\n      },\r\n      {\r\n        \"type\": \"box\",\r\n        \"layout\": \"vertical\",\r\n        \"contents\": [],\r\n        \"position\": \"absolute\",\r\n        \"background\": {\r\n          \"type\": \"linearGradient\",\r\n          \"angle\": \"0deg\",\r\n          \"endColor\": \"#00000000\",\r\n          \"startColor\": \"#00000099\"\r\n        },\r\n        \"width\": \"100%\",\r\n        \"height\": \"40%\",\r\n        \"offsetBottom\": \"0px\",\r\n        \"offsetStart\": \"0px\",\r\n        \"offsetEnd\": \"0px\"\r\n      },\r\n      {\r\n        \"type\": \"box\",\r\n        \"layout\": \"horizontal\",\r\n        \"contents\": [\r\n          {\r\n            \"type\": \"box\",\r\n            \"layout\": \"vertical\",\r\n            \"contents\": [\r\n              {\r\n                \"type\": \"box\",\r\n                \"layout\": \"horizontal\",\r\n                \"contents\": [\r\n                  {\r\n                    \"type\": \"text\",\r\n                    \"text\": \"冬至 福至\",\r\n                    \"size\": \"xl\",\r\n                    \"color\": \"#fcbe03\",\r\n                    \"weight\": \"bold\"\r\n                  }\r\n                ]\r\n              },\r\n              {\r\n                \"type\": \"box\",\r\n                \"layout\": \"baseline\",\r\n                \"contents\": [\r\n                  {\r\n                    \"type\": \"text\",\r\n                    \"text\": \"一早吃湯圓 福滿圓滿\",\r\n                    \"color\": \"#fcf403\"\r\n                  }\r\n                ],\r\n                \"spacing\": \"xs\"\r\n              },\r\n              {\r\n                \"type\": \"box\",\r\n                \"layout\": \"horizontal\",\r\n                \"contents\": [\r\n                  {\r\n                    \"type\": \"box\",\r\n                    \"layout\": \"baseline\",\r\n                    \"contents\": [\r\n                      {\r\n                        \"type\": \"text\",\r\n                        \"text\": \"日日平安 年年如意\",\r\n                        \"color\": \"#fc0b03\",\r\n                        \"size\": \"md\",\r\n                        \"flex\": 0,\r\n                        \"align\": \"end\"\r\n                      }\r\n                    ],\r\n                    \"flex\": 0,\r\n                    \"spacing\": \"lg\"\r\n                  }\r\n                ]\r\n              }\r\n            ],\r\n            \"spacing\": \"xs\"\r\n          }\r\n        ],\r\n        \"position\": \"absolute\",\r\n        \"offsetBottom\": \"0px\",\r\n        \"offsetStart\": \"0px\",\r\n        \"offsetEnd\": \"0px\",\r\n        \"paddingAll\": \"20px\"\r\n      }\r\n    ],\r\n    \"paddingAll\": \"0px\"\r\n  }\r\n}',''),(26,1,'2022-12-26','天氣在變祝福不變','{\r\n  \"type\": \"bubble\",\r\n  \"body\": {\r\n    \"type\": \"box\",\r\n    \"layout\": \"vertical\",\r\n    \"contents\": [\r\n      {\r\n        \"type\": \"image\",\r\n        \"url\": \"https://i.imgur.com/Te8f3pM.jpg\",\r\n        \"size\": \"full\",\r\n        \"aspectMode\": \"cover\",\r\n        \"aspectRatio\": \"1:1\",\r\n        \"gravity\": \"center\"\r\n      },\r\n      {\r\n        \"type\": \"box\",\r\n        \"layout\": \"vertical\",\r\n        \"contents\": [],\r\n        \"position\": \"absolute\",\r\n        \"background\": {\r\n          \"type\": \"linearGradient\",\r\n          \"angle\": \"0deg\",\r\n          \"endColor\": \"#00000000\",\r\n          \"startColor\": \"#00000099\"\r\n        },\r\n        \"width\": \"100%\",\r\n        \"height\": \"40%\",\r\n        \"offsetBottom\": \"0px\",\r\n        \"offsetStart\": \"0px\",\r\n        \"offsetEnd\": \"0px\"\r\n      },\r\n      {\r\n        \"type\": \"box\",\r\n        \"layout\": \"horizontal\",\r\n        \"contents\": [\r\n          {\r\n            \"type\": \"box\",\r\n            \"layout\": \"vertical\",\r\n            \"contents\": [\r\n              {\r\n                \"type\": \"box\",\r\n                \"layout\": \"horizontal\",\r\n                \"contents\": [\r\n                  {\r\n                    \"type\": \"text\",\r\n                    \"text\": \"天氣在變 祝福不變\",\r\n                    \"size\": \"xl\",\r\n                    \"color\": \"#ffffff\"\r\n                  }\r\n                ]\r\n              },\r\n              {\r\n                \"type\": \"box\",\r\n                \"layout\": \"baseline\",\r\n                \"contents\": [\r\n                  {\r\n                    \"type\": \"text\",\r\n                    \"text\": \"人在世間走 本就一場空\",\r\n                    \"color\": \"#a9a9a9\"\r\n                  }\r\n                ],\r\n                \"spacing\": \"xs\"\r\n              },\r\n              {\r\n                \"type\": \"box\",\r\n                \"layout\": \"horizontal\",\r\n                \"contents\": [\r\n                  {\r\n                    \"type\": \"box\",\r\n                    \"layout\": \"baseline\",\r\n                    \"contents\": [\r\n                      {\r\n                        \"type\": \"text\",\r\n                        \"text\": \"心中有陽光 到哪都溫暖\",\r\n                        \"color\": \"#ffffff\",\r\n                        \"size\": \"md\",\r\n                        \"flex\": 0,\r\n                        \"align\": \"end\"\r\n                      }\r\n                    ],\r\n                    \"flex\": 0,\r\n                    \"spacing\": \"lg\"\r\n                  }\r\n                ]\r\n              }\r\n            ],\r\n            \"spacing\": \"xs\"\r\n          }\r\n        ],\r\n        \"position\": \"absolute\",\r\n        \"offsetBottom\": \"0px\",\r\n        \"offsetStart\": \"0px\",\r\n        \"offsetEnd\": \"0px\",\r\n        \"paddingAll\": \"20px\"\r\n      }\r\n    ],\r\n    \"paddingAll\": \"0px\"\r\n  }\r\n}',''),(27,1,'2022-12-28','水低為海','{\r\n  \"type\": \"bubble\",\r\n  \"body\": {\r\n    \"type\": \"box\",\r\n    \"layout\": \"vertical\",\r\n    \"contents\": [\r\n      {\r\n        \"type\": \"image\",\r\n        \"url\": \"https://i.imgur.com/vbdyCaZ.jpg\",\r\n        \"size\": \"full\",\r\n        \"aspectMode\": \"cover\",\r\n        \"aspectRatio\": \"1:1\",\r\n        \"gravity\": \"center\"\r\n      },\r\n      {\r\n        \"type\": \"box\",\r\n        \"layout\": \"vertical\",\r\n        \"contents\": [],\r\n        \"position\": \"absolute\",\r\n        \"background\": {\r\n          \"type\": \"linearGradient\",\r\n          \"angle\": \"0deg\",\r\n          \"endColor\": \"#00000000\",\r\n          \"startColor\": \"#00000099\"\r\n        },\r\n        \"width\": \"100%\",\r\n        \"height\": \"40%\",\r\n        \"offsetBottom\": \"0px\",\r\n        \"offsetStart\": \"0px\",\r\n        \"offsetEnd\": \"0px\"\r\n      },\r\n      {\r\n        \"type\": \"box\",\r\n        \"layout\": \"horizontal\",\r\n        \"contents\": [\r\n          {\r\n            \"type\": \"box\",\r\n            \"layout\": \"vertical\",\r\n            \"contents\": [\r\n              {\r\n                \"type\": \"box\",\r\n                \"layout\": \"horizontal\",\r\n                \"contents\": [\r\n                  {\r\n                    \"type\": \"text\",\r\n                    \"text\": \"心情如花開 萬事皆如意\",\r\n                    \"size\": \"xl\",\r\n                    \"color\": \"#ffffff\"\r\n                  }\r\n                ]\r\n              },\r\n              {\r\n                \"type\": \"box\",\r\n                \"layout\": \"baseline\",\r\n                \"contents\": [\r\n                  {\r\n                    \"type\": \"text\",\r\n                    \"text\": \"水低為海，人低為王\",\r\n                    \"color\": \"#a9a9a9\"\r\n                  }\r\n                ],\r\n                \"spacing\": \"xs\"\r\n              },\r\n              {\r\n                \"type\": \"box\",\r\n                \"layout\": \"horizontal\",\r\n                \"contents\": [\r\n                  {\r\n                    \"type\": \"box\",\r\n                    \"layout\": \"baseline\",\r\n                    \"contents\": [\r\n                      {\r\n                        \"type\": \"text\",\r\n                        \"text\": \"謙卑的心態才能讓人保持初心\",\r\n                        \"color\": \"#ffffff\",\r\n                        \"size\": \"md\",\r\n                        \"flex\": 0,\r\n                        \"align\": \"end\"\r\n                      }\r\n                    ],\r\n                    \"flex\": 0,\r\n                    \"spacing\": \"lg\"\r\n                  }\r\n                ]\r\n              }\r\n            ],\r\n            \"spacing\": \"xs\"\r\n          }\r\n        ],\r\n        \"position\": \"absolute\",\r\n        \"offsetBottom\": \"0px\",\r\n        \"offsetStart\": \"0px\",\r\n        \"offsetEnd\": \"0px\",\r\n        \"paddingAll\": \"20px\"\r\n      }\r\n    ],\r\n    \"paddingAll\": \"0px\"\r\n  }\r\n}',''),(28,1,'2023-01-12','緣分','{\r\n  \"type\": \"bubble\",\r\n  \"body\": {\r\n    \"type\": \"box\",\r\n    \"layout\": \"vertical\",\r\n    \"contents\": [\r\n      {\r\n        \"type\": \"image\",\r\n        \"url\": \"https://i.imgur.com/xNSmSJR.jpg\",\r\n        \"size\": \"full\",\r\n        \"aspectMode\": \"cover\",\r\n        \"aspectRatio\": \"1:1\",\r\n        \"gravity\": \"center\"\r\n      },\r\n      {\r\n        \"type\": \"box\",\r\n        \"layout\": \"vertical\",\r\n        \"contents\": [],\r\n        \"position\": \"absolute\",\r\n        \"background\": {\r\n          \"type\": \"linearGradient\",\r\n          \"angle\": \"0deg\",\r\n          \"endColor\": \"#00000000\",\r\n          \"startColor\": \"#00000099\"\r\n        },\r\n        \"width\": \"100%\",\r\n        \"height\": \"40%\",\r\n        \"offsetBottom\": \"0px\",\r\n        \"offsetStart\": \"0px\",\r\n        \"offsetEnd\": \"0px\"\r\n      },\r\n      {\r\n        \"type\": \"box\",\r\n        \"layout\": \"horizontal\",\r\n        \"contents\": [\r\n          {\r\n            \"type\": \"box\",\r\n            \"layout\": \"vertical\",\r\n            \"contents\": [\r\n              {\r\n                \"type\": \"box\",\r\n                \"layout\": \"horizontal\",\r\n                \"contents\": [\r\n                  {\r\n                    \"type\": \"text\",\r\n                    \"text\": \"一切都是緣分\",\r\n                    \"size\": \"xl\",\r\n                    \"color\": \"#ffffff\"\r\n                  }\r\n                ]\r\n              },\r\n              {\r\n                \"type\": \"box\",\r\n                \"layout\": \"baseline\",\r\n                \"contents\": [\r\n                  {\r\n                    \"type\": \"text\",\r\n                    \"text\": \"無緣不來，無緣不聚\",\r\n                    \"color\": \"#a9a9a9\"\r\n                  }\r\n                ],\r\n                \"spacing\": \"xs\"\r\n              },\r\n              {\r\n                \"type\": \"box\",\r\n                \"layout\": \"horizontal\",\r\n                \"contents\": [\r\n                  {\r\n                    \"type\": \"box\",\r\n                    \"layout\": \"baseline\",\r\n                    \"contents\": [\r\n                      {\r\n                        \"type\": \"text\",\r\n                        \"text\": \"忙碌中保重身體\",\r\n                        \"color\": \"#ffffff\",\r\n                        \"size\": \"md\",\r\n                        \"flex\": 0,\r\n                        \"align\": \"end\"\r\n                      }\r\n                    ],\r\n                    \"flex\": 0,\r\n                    \"spacing\": \"lg\"\r\n                  }\r\n                ]\r\n              }\r\n            ],\r\n            \"spacing\": \"xs\"\r\n          }\r\n        ],\r\n        \"position\": \"absolute\",\r\n        \"offsetBottom\": \"0px\",\r\n        \"offsetStart\": \"0px\",\r\n        \"offsetEnd\": \"0px\",\r\n        \"paddingAll\": \"20px\"\r\n      }\r\n    ],\r\n    \"paddingAll\": \"0px\"\r\n  }\r\n}',''),(29,1,'2023-01-18','尊重','{\r\n  \"type\": \"bubble\",\r\n  \"body\": {\r\n    \"type\": \"box\",\r\n    \"layout\": \"vertical\",\r\n    \"contents\": [\r\n      {\r\n        \"type\": \"image\",\r\n        \"url\": \"https://i.imgur.com/KsQl8UH.jpg\",\r\n        \"size\": \"full\",\r\n        \"aspectMode\": \"cover\",\r\n        \"aspectRatio\": \"1:1\",\r\n        \"gravity\": \"center\"\r\n      },\r\n      {\r\n        \"type\": \"box\",\r\n        \"layout\": \"vertical\",\r\n        \"contents\": [],\r\n        \"position\": \"absolute\",\r\n        \"background\": {\r\n          \"type\": \"linearGradient\",\r\n          \"angle\": \"0deg\",\r\n          \"endColor\": \"#00000000\",\r\n          \"startColor\": \"#00000099\"\r\n        },\r\n        \"width\": \"100%\",\r\n        \"height\": \"40%\",\r\n        \"offsetBottom\": \"0px\",\r\n        \"offsetStart\": \"0px\",\r\n        \"offsetEnd\": \"0px\"\r\n      },\r\n      {\r\n        \"type\": \"box\",\r\n        \"layout\": \"horizontal\",\r\n        \"contents\": [\r\n          {\r\n            \"type\": \"box\",\r\n            \"layout\": \"vertical\",\r\n            \"contents\": [\r\n              {\r\n                \"type\": \"box\",\r\n                \"layout\": \"horizontal\",\r\n                \"contents\": [\r\n                  {\r\n                    \"type\": \"text\",\r\n                    \"text\": \"尊重，是平等的相處\",\r\n                    \"size\": \"xl\",\r\n                    \"color\": \"#ffffff\"\r\n                  }\r\n                ]\r\n              },\r\n              {\r\n                \"type\": \"box\",\r\n                \"layout\": \"baseline\",\r\n                \"contents\": [\r\n                  {\r\n                    \"type\": \"text\",\r\n                    \"text\": \"別人尊重你不是因為你優秀\",\r\n                    \"color\": \"#a9a9a9\"\r\n                  }\r\n                ],\r\n                \"spacing\": \"xs\"\r\n              },\r\n              {\r\n                \"type\": \"box\",\r\n                \"layout\": \"horizontal\",\r\n                \"contents\": [\r\n                  {\r\n                    \"type\": \"box\",\r\n                    \"layout\": \"baseline\",\r\n                    \"contents\": [\r\n                      {\r\n                        \"type\": \"text\",\r\n                        \"text\": \"而是別人很優秀\",\r\n                        \"color\": \"#ffffff\",\r\n                        \"size\": \"md\",\r\n                        \"flex\": 0,\r\n                        \"align\": \"end\"\r\n                      }\r\n                    ],\r\n                    \"flex\": 0,\r\n                    \"spacing\": \"lg\"\r\n                  }\r\n                ]\r\n              }\r\n            ],\r\n            \"spacing\": \"xs\"\r\n          }\r\n        ],\r\n        \"position\": \"absolute\",\r\n        \"offsetBottom\": \"0px\",\r\n        \"offsetStart\": \"0px\",\r\n        \"offsetEnd\": \"0px\",\r\n        \"paddingAll\": \"20px\"\r\n      }\r\n    ],\r\n    \"paddingAll\": \"0px\"\r\n  }\r\n}',''),(30,1,'2023-01-19','距離','{\r\n  \"type\": \"bubble\",\r\n  \"body\": {\r\n    \"type\": \"box\",\r\n    \"layout\": \"vertical\",\r\n    \"contents\": [\r\n      {\r\n        \"type\": \"image\",\r\n        \"url\": \"https://i.imgur.com/8ZaaRYu.jpg\",\r\n        \"size\": \"full\",\r\n        \"aspectMode\": \"cover\",\r\n        \"aspectRatio\": \"1:1\",\r\n        \"gravity\": \"center\"\r\n      },\r\n      {\r\n        \"type\": \"box\",\r\n        \"layout\": \"vertical\",\r\n        \"contents\": [],\r\n        \"position\": \"absolute\",\r\n        \"background\": {\r\n          \"type\": \"linearGradient\",\r\n          \"angle\": \"0deg\",\r\n          \"endColor\": \"#00000000\",\r\n          \"startColor\": \"#00000099\"\r\n        },\r\n        \"width\": \"100%\",\r\n        \"height\": \"40%\",\r\n        \"offsetBottom\": \"0px\",\r\n        \"offsetStart\": \"0px\",\r\n        \"offsetEnd\": \"0px\"\r\n      },\r\n      {\r\n        \"type\": \"box\",\r\n        \"layout\": \"horizontal\",\r\n        \"contents\": [\r\n          {\r\n            \"type\": \"box\",\r\n            \"layout\": \"vertical\",\r\n            \"contents\": [\r\n              {\r\n                \"type\": \"box\",\r\n                \"layout\": \"horizontal\",\r\n                \"contents\": [\r\n                  {\r\n                    \"type\": \"text\",\r\n                    \"text\": \"世上最遠的距離不是天涯海角\",\r\n                    \"size\": \"xl\",\r\n                    \"color\": \"#ffffff\"\r\n                  }\r\n                ]\r\n              },\r\n              {\r\n                \"type\": \"box\",\r\n                \"layout\": \"baseline\",\r\n                \"contents\": [\r\n                  {\r\n                    \"type\": \"text\",\r\n                    \"text\": \"而是熟悉的人漸行漸遠\",\r\n                    \"color\": \"#a9a9a9\"\r\n                  }\r\n                ],\r\n                \"spacing\": \"xs\"\r\n              },\r\n              {\r\n                \"type\": \"box\",\r\n                \"layout\": \"horizontal\",\r\n                \"contents\": [\r\n                  {\r\n                    \"type\": \"box\",\r\n                    \"layout\": \"baseline\",\r\n                    \"contents\": [\r\n                      {\r\n                        \"type\": \"text\",\r\n                        \"text\": \"想念的人不再身邊\",\r\n                        \"color\": \"#ffffff\",\r\n                        \"size\": \"md\",\r\n                        \"flex\": 0,\r\n                        \"align\": \"end\"\r\n                      }\r\n                    ],\r\n                    \"flex\": 0,\r\n                    \"spacing\": \"lg\"\r\n                  }\r\n                ]\r\n              }\r\n            ],\r\n            \"spacing\": \"xs\"\r\n          }\r\n        ],\r\n        \"position\": \"absolute\",\r\n        \"offsetBottom\": \"0px\",\r\n        \"offsetStart\": \"0px\",\r\n        \"offsetEnd\": \"0px\",\r\n        \"paddingAll\": \"20px\"\r\n      }\r\n    ],\r\n    \"paddingAll\": \"0px\"\r\n  }\r\n}','');
/*!40000 ALTER TABLE `greetings` ENABLE KEYS */;
UNLOCK TABLES;

--
-- Table structure for table `groups`
--

DROP TABLE IF EXISTS `groups`;
/*!40101 SET @saved_cs_client     = @@character_set_client */;
/*!40101 SET character_set_client = utf8 */;
CREATE TABLE `groups` (
  `groupID` varchar(120) NOT NULL,
  `groupName` varchar(254) NOT NULL,
  `pictureUrl` text NOT NULL,
  PRIMARY KEY (`groupID`)
) ENGINE=InnoDB DEFAULT CHARSET=utf8;
/*!40101 SET character_set_client = @saved_cs_client */;

--
-- Dumping data for table `groups`
--

LOCK TABLES `groups` WRITE;
/*!40000 ALTER TABLE `groups` DISABLE KEYS */;
INSERT INTO `groups` VALUES ('C39ac93a9df5b3dbcb3e43ac1e9eb2298','LINEBot群組功能測試','https://sprofile.line-scdn.net/0hWK9ixcfpCGQUEB5RyTB2G2RACw43dlFgOXFGAykZXlUuIk4xMXZPBiVAAwR8JUs1aiUXAiEUUVwYA38CCkb0UBMgVlMtJEk1MHdChw'),('C841cabe29a1313e4fcdfd9e8f36a430e','臺北市教育最新消息（請勿回應）','https://sprofile.line-scdn.net/0hOj_37bojEEVySj5EJlVuOgIaEy9RLElBCnwMJkEeSHZLf1JDX3tWcRUeRiJLeFISXypXdERLHHx-WWcjbBzscXV6TnJLflEUVi1apg'),('Cd8b81a88f7155378b59c002158cdbd1b','四座山☺️','https://sprofile.line-scdn.net/0hvOebkHMOKWBIGwBXDVFXHzhLKgprfXBkN35hBy0dc1B1Izs_My8zAy4ScAN1ezplYCg2AH0TIwNECF4GVk3VVE8rd1dxKWoyYH1jjg'),('Ce5c7d17b914b617d9c9df58bbb5272ec','女人天團','https://sprofile.line-scdn.net/0hWUYcGa7MCHp0GiFigbF2BQRKCxBXfFF-CilDSRYSUB5KKUglDCtDHRQdAktIKkl8XylAT0QbUh14CX8cakz0TnMqVk1NKEsoXHxClA'),('Cfb92ffa84739d8d9a775187d3d746348','2021 Youngerboss 策展群','https://sprofile.line-scdn.net/0hOLS_34PoEGN-JgYeslxuHA52EwldQElnVURXVRlxTFEQQ1diWhIMAkMhRgYWEQUyU0RcVU12S1ByNWcFYHDsV3kWTlRHElEyWkFagA');
/*!40000 ALTER TABLE `groups` ENABLE KEYS */;
UNLOCK TABLES;

--
-- Table structure for table `menu`
--

DROP TABLE IF EXISTS `menu`;
/*!40101 SET @saved_cs_client     = @@character_set_client */;
/*!40101 SET character_set_client = utf8 */;
CREATE TABLE `menu` (
  `menuID` int(11) NOT NULL AUTO_INCREMENT,
  `asnsID` int(11) NOT NULL,
  `Name` varchar(30) NOT NULL,
  `linemenuID` varchar(150) NOT NULL,
  `parentmenu` varchar(30) NOT NULL COMMENT '上層選單',
  `img` varchar(245) NOT NULL,
  `meno` text NOT NULL,
  PRIMARY KEY (`menuID`)
) ENGINE=InnoDB AUTO_INCREMENT=6 DEFAULT CHARSET=utf8;
/*!40101 SET character_set_client = @saved_cs_client */;

--
-- Dumping data for table `menu`
--

LOCK TABLES `menu` WRITE;
/*!40000 ALTER TABLE `menu` DISABLE KEYS */;
INSERT INTO `menu` VALUES (1,3,'main','richmenu-5ac78a03cddc97dc37dbc6c6115a28e0','','','教育小幫手主選單'),(2,1,'todo','richmenu-07ae64fce5d67a3506f8cb6a052522c7','main','','待辦事項選單'),(3,1,'initialTodo','richmenu-5095f070a147c219c562d432c29107da','main','','待辦事項初始化選單'),(4,1,'info','richmenu-646e9716e0588e48bf0e56bf0b642f4c','main','','個人小幫手選單'),(5,1,'youngerboss','richmenu-80f41a99097c34e11f033ed50cfefa47','main','','YoungerBoss 活動選單');
/*!40000 ALTER TABLE `menu` ENABLE KEYS */;
UNLOCK TABLES;

--
-- Table structure for table `notifyToken`
--

DROP TABLE IF EXISTS `notifyToken`;
/*!40101 SET @saved_cs_client     = @@character_set_client */;
/*!40101 SET character_set_client = utf8 */;
CREATE TABLE `notifyToken` (
  `tokenID` int(11) NOT NULL AUTO_INCREMENT,
  `name` varchar(100) NOT NULL,
  `token` varchar(200) NOT NULL,
  `meno` text NOT NULL,
  PRIMARY KEY (`tokenID`)
) ENGINE=InnoDB AUTO_INCREMENT=3 DEFAULT CHARSET=utf8;
/*!40101 SET character_set_client = @saved_cs_client */;

--
-- Dumping data for table `notifyToken`
--

LOCK TABLES `notifyToken` WRITE;
/*!40000 ALTER TABLE `notifyToken` DISABLE KEYS */;
INSERT INTO `notifyToken` VALUES (1,'教育訊息小幫手','gEaMA3YJxnRAjlq39HLdBdqgMwPgR1eqOCFSEnujRMZ',''),(2,'訊息通知小幫手','r6P5R1SpY2HCTyZvtg9iOdg69Le0XeUJjxjwMsd0PhE','1對1發送');
/*!40000 ALTER TABLE `notifyToken` ENABLE KEYS */;
UNLOCK TABLES;

--
-- Table structure for table `officialdoc`
--

DROP TABLE IF EXISTS `officialdoc`;
/*!40101 SET @saved_cs_client     = @@character_set_client */;
/*!40101 SET character_set_client = utf8 */;
CREATE TABLE `officialdoc` (
  `docID` int(11) NOT NULL AUTO_INCREMENT,
  `assnsID` int(11) NOT NULL DEFAULT '0',
  `cmitID` int(11) NOT NULL DEFAULT '0',
  `isSub` smallint(6) NOT NULL DEFAULT '0' COMMENT '是否為附件',
  `name` varchar(245) NOT NULL,
  `datez` int(11) NOT NULL,
  `url` text NOT NULL,
  PRIMARY KEY (`docID`)
) ENGINE=InnoDB DEFAULT CHARSET=utf8;
/*!40101 SET character_set_client = @saved_cs_client */;

--
-- Dumping data for table `officialdoc`
--

LOCK TABLES `officialdoc` WRITE;
/*!40000 ALTER TABLE `officialdoc` DISABLE KEYS */;
/*!40000 ALTER TABLE `officialdoc` ENABLE KEYS */;
UNLOCK TABLES;

--
-- Table structure for table `person`
--

DROP TABLE IF EXISTS `person`;
/*!40101 SET @saved_cs_client     = @@character_set_client */;
/*!40101 SET character_set_client = utf8 */;
CREATE TABLE `person` (
  `usrNo` int(11) NOT NULL AUTO_INCREMENT,
  `name` varchar(30) NOT NULL,
  `tel` varchar(20) NOT NULL,
  `email` varchar(100) NOT NULL,
  `picture` text NOT NULL,
  `lineID` varchar(150) NOT NULL,
  `lineName` varchar(254) NOT NULL,
  `nickName` varchar(130) NOT NULL,
  `meno` text NOT NULL,
  `insertDate` date NOT NULL DEFAULT '0000-01-01',
  `qrcode` text NOT NULL,
  `notifyToken` varchar(100) NOT NULL DEFAULT '0' COMMENT 'LINE notify token',
  `richMenu` varchar(200) NOT NULL DEFAULT '0' COMMENT '目前使用選單',
  `location` varchar(200) NOT NULL DEFAULT '0',
  PRIMARY KEY (`usrNo`)
) ENGINE=InnoDB AUTO_INCREMENT=104 DEFAULT CHARSET=utf8;
/*!40101 SET character_set_client = @saved_cs_client */;

--
-- Dumping data for table `person`
--

LOCK TABLES `person` WRITE;
/*!40000 ALTER TABLE `person` DISABLE KEYS */;
INSERT INTO `person` VALUES (1,'劉智漢','0921609364','justgps@gmail.com','https://profile.line-scdn.net/0h97hT_Q_lZhhVLUldDEIZT2loaHUiA2BQLUx6fXl5P3hxSXRGOR4ueCcvPH9xGyQcaB59LSQrOH19','U0c181ee00f74141895ea46941cf0a3b1','智漢（內工32、介壽47）','richmenu-de3c4a3fefb68da4068f93490fa75ce8','內工\n高職聯\n秘書長','2019-11-28','https://i.imgur.com/a1OAMGu.png','r6P5R1SpY2HCTyZvtg9iOdg69Le0XeUJjxjwMsd0PhE','richmenu-5ac78a03cddc97dc37dbc6c6115a28e0','中研院資訊服務處'),(3,'蕭毓君','0800-520520','xxxxxxxx','https://profile.line-scdn.net/0m0067c344725156a34b713f58612d56e1c0cb88a04dd3','U63f3316d012a7808150d590d99637695','Sabrina Hsiao','阿計','空白\n空白\n空白','2019-12-03','','','',''),(4,'陳玉蘭','0921609364','sherry@gmail.com','https://profile.line-scdn.net/0m05e91be3725180f1b52f3d049a5bd731b1ca82c08544','Ua6f03919e5331c4939fee9c00692d88f','玉蘭（泊灝）','玉蘭','2018年6月23日5:30過世','2019-12-04','','','',''),(5,'程建中','0932782464','ssscheng2005@yahoo.com.tw','https://profile.line-scdn.net/0hd6VYFgKaOxlrIBTuWxBETldlNXQcDj1RE04gKxsnNixPR3QbV0UnfBkibCtDQ3RPUk8mehxzYCpE','Ubdbadee2f33d7546253110a1913d2d7a','程建中','建中','信義國中\n國中聯合會\n副秘書長','2019-12-05','','','richmenu-5ac78a03cddc97dc37dbc6c6115a28e0',''),(7,'曾靜娟','0937310333','ifadunny@gmail.com','https://profile.line-scdn.net/0hQRk6ybAGDn1WTyW1gPBxKmoKABAhYQg1LiBJTyRPAk8vKhktY3oUHXJGWRhzLBkrPy5BGnsbWRgv','U9ba6dab540310be64b1f42402ff4a833','曾靜娟','靜娟','國中聯 秘書處\n臺北市國中學生家長會聯合會\n秘書長','2019-12-09','','','',''),(8,'吳稚猛','猜猜看','沒有','https://profile.line-scdn.net/0m03d3aec37251aef677fa11eab2adba0c90c8fa0c4dba','U330fe8dc57b7fc319bb7968be3fd0bb4','Vincent','囉嗦的執行長','不想說\r\n來亂的\r\n囉嗦\r\n\r\n\r\n\r\n\r\n\r\n','2019-12-09','','','richmenu-063c949a52ed8151168e9de4434afb3a',''),(9,'陳莉葦','0926617855','anitachen.j@gmail.com','https://profile.line-scdn.net/0hpsHtGnH3L1x1DQSAihFQC0lIITECIykUDWhgblAKdG0PaG8LTmkwagIFJTgKb29ZSG1jOVcIJW9e','Ub3f16b3fd6ab9d4c31d47b494df70239','陳莉葦Anita','莉葦','成德國中\n安恆利國際控股 \n會長','2019-12-10','','','',''),(10,'陳正德','0932314150','leaders.union@gmail.com','https://profile.line-scdn.net/0h3aNCpsh-bE5zOke7TuMTGU9_YiMEFGoGC1h3fQYyZXYODi9LSVwhIFRuNypaDygeSAgkIAU4ZnwM','Ubfcc1c32d1fe9b3eafbc778a2a9f6505','iDerek 正德','正德','建中老師','2019-12-10','','','',''),(11,'宋全娟','0932162589','tina.sung@universals.com.tw','https://profile.line-scdn.net/0m071c59a2725130d56988a176b3e34e6677489ca971b4','U742a1d73d2013d9e69a34e5516b72ae8','Tina.sung','全娟','介壽國中\n國中聯\n會長','2019-12-10','','','',''),(12,'李淑玲','0918068980','lucy6suelin@yahoo.com.tw ','https://profile.line-scdn.net/0hQoyRtv6qDkBEKyVKi4NxF3huAC0zBQgIPE5AIzEoA3JvHh0eLx1AJzUtUSc9TBwTeh0SIGR-B3Nh','U87e901072c956f70109d724e3e7bdf49','李淑玲','','泰北高中國中部\n國中聯合會\n監事','2019-12-10','','','',''),(13,'劉奇昌','0933729469','achang2.mobile@gmail.com','https://profile.line-scdn.net/0m0e4ce19872514e75e14c1903e874c6609c778f73b337','U2f41f72e0699f5e31c348e75a93f1e1b','Achang2 JackyLIU 劉奇昌','','麗山國中\n臺北市國中家長會長聯合會\n常務理事暨體育衛生委員會','2019-12-10','','','',''),(14,'林淑卿','0921419513','a0921419513@gmail.com','https://profile.line-scdn.net/0hB3Sn_EjhHRxuFzH9pTRiS1JSE3EZORtUFnZaeUsXQSRHIlhOUyJRfhgWESxDcghCVnFTe0seRipH','U1ddcdf1a8fa3b24dc92cd4597603af43','淑卿','','北政國中\n台北市國中學生家長會聯合會\n家長會會長','2019-12-10','','','',''),(15,'張妤榕','0932200466','elanchang1958@gmail.com','https://profile.line-scdn.net/0hxBZ4xIxTJ21nTQxxjUFYOlsIKQAQYyElH3k6XEVKK1seL2dvD3lvWBUYfVVCdTc6W3xsCRAfLFtK','Ue300c90bc3619b3e659f81d16333a812','妤榕','','衛理女中（國中部）\n台北市國中學生家長會聯合會\n家長會會長','2019-12-10','','','',''),(16,'盧永富','0910011194','luyungfu1017@gmail.com','https://profile.line-scdn.net/0hFtsvN7a7GVtODzR0wTpmDHJKFzY5IR8TNmkDPT4MR202al8Iez4EP2oPT2xkNlpfcTlXbT9cTjtr','Ud4dab9fe8ffaa50e776c985b4e610ac4','盧永富','','台北市立格致國中\n國中聯合會常務監事\n格致國中家長會 會長','2019-12-10','','','',''),(17,'康建斌','0910396569','Rogerkang0122@gmail.com','https://profile.line-scdn.net/0hT5HtaFIICxp1DSEi-mR0TUlIBXcCIw1SDTxHfFJdAH5fORtPTW8XegcFBy8LNB9MTzgTdAddXH9b','Ube1a62e8d1d317aea15ca9b1095b538b','建斌（Roger）','建斌','啟明學校\n國小、國中、高中、高職\n會長','2019-12-10','','','',''),(18,'陳奕竹','0986871209','iris691209@yahoo.com.tw','https://profile.line-scdn.net/0hs7FlWbrHLBh7FQaCnjhTT0dQInUMOypQA3NqeFpFcywEdj8dE3Jke1cVIiwEJW5JEHU0fgocJXtR','U4a23649c91ec4601e7d2a592f093b0ab','陳奕竹','','文山特教\n特教委員會丶體育衛生委員會\n特教委員會 副召集人','2019-12-10','','','',''),(19,'吳靜怡','0980208511','Annwu8827@gmail.com','https://profile.line-scdn.net/0hwPy_C0B7KH9EJgW_xWBXKHhjJhIzCC43PENmHGB2dExgEWt8fEA3HmRycRw8EDwheUdjGTZydE0-','U21edeab9165678f28da71f557ac097ae','Ann Wu (正墉 亮涵）','靜怡','新民國中\n空白\n空白','2019-12-14','','','',''),(20,'莊孟峯','0921938177','jf27472829@hibox.hinet.net','https://profile.line-scdn.net/0hoq4-t4-qMF4JVBqJDxhPCTURPjN-ejYWcTMvbS5UaTxwY3IIZTd2OigGaGglbXYMPTt-MSxRO2si','U950414eaea1291a6d5dd2430e74f4b58','民生莊孟峯（承羲&婷瑄）','總會長','民生國中\n臺北市國中學生家長會聯合會\n總會長','2019-12-14','','','',''),(22,'張非錯','0924062888','jq002999jq@yahoo.com','https://profile.line-scdn.net/0hNw1sCOokEVgMCjq0KnNuDzBPHzV7JBcQdD8LPC0DR291b1RdMm1fOyhaHT0paAFaOTsNay8IRzt1','U4fd96161a0cd4db47b30524664eca4df','北聰家長會會長張非錯','非錯','台北啟聰\n台北啟聰家長會\n會長','2019-12-19','','','',''),(23,'余志呈','0928250503','mikeyu927@gmail.com','https://profile.line-scdn.net/0hBccvQK1kHUxeDzdGXF9iG2JKEyEpIRsEJm5VLy9aFywhOl0fa2xbeH0MFHtxbVgcZmFRL3xcQXtz','U763c786462acef8b458fb3bc14970b42','余志呈','余校長','台北市立成德國民中學\n台北市國中家長會長聯合會\n校長','2019-12-29','','','',''),(24,'蔡素麗','0911386330','aa0911386330tw@gmail.com','https://profile.line-scdn.net/0m0174cbc87251527ea722d1df9de344db07ed81464d10','U3f637bc403e15d8868152eeaffc9dc70','蔡素麗','蔡會長','南門國中\n國中聯合會\n會長','2019-12-29','','','',''),(25,'鍾毓倫','0912058969','mdgirl1314520@gmail.com','https://profile.line-scdn.net/0h8S9n3dhXZ3wEF0yOzicYKzhSaRFzOWE0fCEsT3ITME0rd3coaHYtSHQfak0sdyIqaiF7EyQXPR56','U0f6b813d3aa25b5bd5ea40a869976d9c','鍾毓倫','毓倫','金甌女中\n未加入\n常務理事','2020-01-01','','','',''),(27,'吳嘉蕙','0958313521','nono521313@yahoo.com.tw','https://profile.line-scdn.net/0hBDZm_OBmHWtnFDUAuqliPFtREwYQOhsjHyBUWRcWQ1pOJlhuDHdVDUIcQgkaIQ47U3dXCkAcF1ke','Ue86d955502edbb122272d633423b9f79','耶吳嘉蕙(覲雅僑之瑄恩媽咪)','嘉蕙','稻江護家\n臺北市高職學生家長會聯合會理事 \n稻江護家會長\n家長會 會長','2020-01-15','','','',''),(28,'李沅銘','你的電話','你的電話','https://profile.line-scdn.net/0hir7r47D0Nl0KCxvrzHFJCjZOODB9JTAVcm9-Py0PPDggOiMMMzksbywCO25wb3QCNmV-PXsPbm8k','Ua42704ea8a9b578b2ca35d84e8cb98e6','李沅銘','',' 空白\n空白\n空白','2020-02-14','','','',''),(29,'謝岳樺','0936638162','tome1z@hotmail.com.tw','https://profile.line-scdn.net/0hNIl8ZqoREWZRQTx6igBuMW0EHwsmbxcuKSUJUnxFSVd-IlcwOCdeU3MUTlMueAVgOXBcVHxGTwYs','Uddecea0345332ad15dee371fd5ac2ff3','欣穎(岳樺/岳伶媽媽)','','龍門國中\n \n無\n學生','2020-07-14','','','',''),(30,'何季皇','0937058906','blackchan95@yahoo.com.tw','https://profile.line-scdn.net/ch/v2/p/u519a149beea14e9b3d72870d8a3e87ca/1355584246735','U049b59357c8fc4a2ee6889c23184f807','何季皇','','Ok (ok)\nYes \nOk ','2020-07-17','','','',''),(31,'吳季娟','0978020328','Meow7043@hotmail.com','https://profile.line-scdn.net/0hOlWDsZEfEENqPTk1_EdvFFZ4Hi4dExYLElMMJEptR3FCD1IXUAwMcEY7THdPBVJABglddUg9S3MV','Uda822202e4c8943354f11b55525297b3','睿娜⋯咪- Rayna','','靜心中小學\n國中\n空白','2020-07-20','','','',''),(32,'王妡卉','0925886078','chyang@moc.gov.tw','https://profile.line-scdn.net/0hZ2IkB-PRBR10Ei6atZ56SkhXC3ADPANVDHUZKAVFCSlaJEQYHHNIegRBX35ZcEYZT3EeKVERXn0M','Ud80ba541153041398b5c5b13820976a2','chiahua','','金陵女中','2020-07-21','','','',''),(33,'王婷君','0935233845','tinalobsang@gmail.com','https://profile.line-scdn.net/0hvmoOZwQlKUJSNgEZVx9WFW5zJy8lGC8KKgJmJXI0dSEvB2lDalUycCc-dyF8DmdGb1FucH4zfyV9','U6185ce83862eb35fdbe90eff76a0c309','婷君(晨語，采緁媽咪）','','無\n無\n無','2020-07-21','','','',''),(34,'徐玉坪','0931392588','d6821395@gmail.com','https://profile.line-scdn.net/0h0x9vi7J7b1cED0U7JiwQADhKYTpzIWkffGl0NyQKYmJ7by0BOGkiMiFcMGcoPnoBMDp1OXYONDB8','U3f7b248a39f100cd9662a0c4a64dc357','Joycehsu（天睿、芮瑜）','','龍門國中\n沒有\n沒有','2020-07-21','','','',''),(35,'邱智瑛','0933809384','jillchiu28@gmail.com','https://profile.line-scdn.net/0hIqMx57kQFl5wATxL2DtpCUxEGDMHLxAWCDAMbQYDG2xdYVMPHmJZb1dWSD4KZlEITWYJMAdUQG9e','U00348434bddb2bd28b7eedefc95b7177','Jill- 智瑛','','Ok\nOk\nOk','2020-07-21','','','',''),(36,'葉宇倫','0900246585','witwitlin@hotmail.com','https://profile.line-scdn.net/0hp2gbh_O5Lx1aGwTEyEhQSmZeIXAtNSlVIio1fipIJi53LW9OYnQwe34dd3gkeG5INnwzeX4Ycy8i','U9e1fcee57b8191b91ec5acc88c911e8a','林思維','','景文中學\n我\n N','2020-07-21','','','',''),(37,'鍾芸森','0970333577','Hi','https://profile.line-scdn.net/0h81ZqEmYBZx5nCE5-ZokYSVtNaXMQJmFWH20hekoKP3sdaHJBX20qfhYBOyhDMSZLXmwgfkULPC5P','U94a088c196bdaed6c5172c6543617e2f','鍾芸森','','台北興福國中\n無\n學生','2020-07-21','','','',''),(38,'黃元又\n','0939586511','peggy656@hotmail.com ','https://profile.line-scdn.net/0m056a8f4b725148615dbd7c871255b19131bf0a4f9a2e','Uc3576be0493f7d40e36ba1376c6c12fd','黃樂樂（元又/顯博媽媽）','','民權國中\n?\n學生','2020-07-21','','','',''),(39,'不好吧','不方便','plusyen75@gmail.com','https://profile.line-scdn.net/0hkhaj52IwNEdcExvVp2ZLEGBWOiorPTIPJHAvKC5HbSd2IHBGZnNyIH8baycjJnVCYid9KXhDOHR1','U5b444992c373f8f36f8c32a7fdc27642','Plus','','空白\n我沒有耶\n空白','2020-07-22','','','',''),(40,'高素梅','0975692787','lidiyakao@gmail.com','https://profile.line-scdn.net/0hGCl8k1fjGGxRQTDn6mhnO20EFgEmbx4kKXIHWn0VTw4sdVw_PiNVXSBCQFt-clk6PiZfX3UTTl91','U66fc8d23ffaeb84cd48652f8294c3262','龍巖 高素梅/徐綾媽','','泰北高中附設國中部\n⋯⋯\n我是 學生家長','2020-07-22','','','',''),(41,'陳麗淑','0920221805','kawaijessica88@gmail.com','https://profile.line-scdn.net/0hxZhOEtO3J3VVNg9E-ppYImlzKRgiGCE9LQU4GyIwcBV6BjRzaVRtRHMyK0IqUzRxbQI6Q3g0KU18','U4a48edd026bab116c44d2fe9e9994706','陳麗淑','','興雅國中\n No\nNo','2020-07-23','','','',''),(42,'李佳恩','0970536140','不想留','https://profile.line-scdn.net/0hQdtAa2vcDktJOCVqu0hxHHV9ACY-FggDMV4TLzs9B39iXE5NIgpBeGxrAnJmDBwefFsSf2QxBXln','U35c512c09e67e0406fb95fcc727b7d22','tjuichun','','好\n台北市國中家長聯合会\n 還有嗎?','2020-07-23','','','',''),(43,'林愷御','02-29218670','jason08230909@gmail.com','https://profile.line-scdn.net/0hI-G5S4iGFgJ6TD14HlRpVUYJGG8NYhBKAngMMQxPQTJffFgHQHhRNgtOTjYHf1RUQyJbZF1ITzMA','U380198ac9cea447a006909807613d5d7','Jacy H','','永和國中\n空白\n學生','2020-07-23','','','',''),(44,'謝益誠','0910019265','2013hai.ing@gmail.com ','https://profile.line-scdn.net/0m02ad5c4172517b2408f85dc8083e129540d08f024cde','Uc313dfc7c62f411864dff7b757995560','海燕','','大安國中\n沒有\n無','2020-07-26','','','',''),(45,'趙秋美','0935208329','uffi5945@gmail.com','https://profile.line-scdn.net/0hTp_vy2mBC19iDyBa-A50CF5KBTIVIQ0XGmtAMRVbBWpMPU0MDGBDbkINBmZKOE0KWDpHORMNBWkf','Uac9c56c550988edc48e0179dc6d2c109','Theresa(語辰、語希、子皓媽咪）','','中正國中\n無\n無','2020-07-28','','','',''),(46,'林雅欣','0921939237','newjasminelin@gmail.com','https://profile.line-scdn.net/0m031f2cdb72517a331ddc9e0ed520744f5e19ad33b4d2','Udb17c7cd9f95ae74cf9d2a1c712de5eb','雅欣jasmine','','空白\n空白\n家管','2020-08-14','','','',''),(47,'劉彥秀','0927869186','meryle825@gmail.com','https://profile.line-scdn.net/0hLK83AKheE2QFSjtREo5sMzkPHQlyZBUsfXgOAClLT10pLwM3PipUC3NKTQAsfFJlPX5dC3NJHgEr','U8c7e8771710038f60ba1cd4bcc49025d','Meryle劉彥秀(墀&樂)','','龍門國中\n沒有\nno','2020-08-18','','','',''),(48,'葉于禎','0932113941','iromeroad@gmail.com','https://profile.line-scdn.net/0hHDKsxiiYF2t2Cj94I2RoPEpPGQYBJBEjDmwLBVACTV9TPVM1Q21bBVtZSQxealRvSWRfBQEKHV5e','U9d2992002009daed252730fd22695435','羅曉露','','芳和實驗中學\n無\n無','2020-08-22','','','',''),(50,'賴雅菁','0989665561','Ching665561@yahoo.com.tw','https://sprofile.line-scdn.net/0hrgvHSbGfLUhbMQTmTA9TNythLiJ4QHRadFMyej1kJnoxAj5MIAdrKjw3dSxgBj0ddlAxKD0xJypXIlouRWfRfFwBc39iA24ac1dnpg','U8b9cdec2793e7f6175466e83a2729f84','雅菁','','','2021-03-05','','','richmenu-063c949a52ed8151168e9de4434afb3a','福德街家中'),(51,'黃婷莉','0987458258','tenu1974@gmail.com','https://sprofile.line-scdn.net/0hiEhewL5NNmpFHB7AUVlIFTVMNQBmbW94aH4rW3QYOg9wLyNsYCgqDHIfPQhwLiZpOnMrX3AUaQpJD0EMW0rKXkIsaF18LnU4bXp8hA','Ubd4f551775a9d153d3681002fee30ec8','黃小莉','','','2021-03-12','','','0','0'),(52,'樊秋霞','','','https://sprofile.line-scdn.net/0horUNCQAyMF14Nxp7zgZOIghnMzdbRmlPB1B4aE0_aWVGUCMOVVB2aE4ybT1GUH5YVll4aRowOml0JEc7ZmHMaX8HbmpBBXMPUFF6sw','U01b25a302b14d2dca9989ab76bbf0e2f','樊秋霞～Stacy','大姊','','2021-03-13','','','0','0'),(56,'張進安','0920598998','stephen0611@outlook.com','https://profile.line-scdn.net/0m015ecae6725114c24d83d8c5c2d0ea9762e2ce04bd41','Uf9d777d5217fd7daab177dfa9e799499','張進安','','泰北總務','2021-03-19','','','richmenu-07ae64fce5d67a3506f8cb6a052522c7','0'),(57,'孫凱玲','0952418757','tk0225912001@tkcvs.tp.edu.tw','https://sprofile.line-scdn.net/0h3jLiYgH5bEVhEEeyvq0SOhFAby9CYTVXHnInc1UYMXFUcntHRH5wdwREMSdeI38QTHVxIAMZZXZtAxsjf0aQcWYgMnJYIi8XSXYmqw','Ua3cd152e172a0938e31463f06e31a7a9','凱玲','','稻江商職','2021-03-19','','','0','0'),(58,'Daphne','0920142749','daphnetai0213@gmail.com','https://sprofile.line-scdn.net/0hHzdcr8cfF1VJGjt_whxpKjlKFD9qa05HZ3lQMXodTGImeVYCYClRYXoaQGJ3flcLbXhYO38TSDVFCWAzV0zrYU4qSWJwKFQHYXxduw','U0ae475851337759b37b7169be93146f0','Daphne','','','2021-04-28','','','richmenu-5095f070a147c219c562d432c29107da','0'),(59,'翁晨皓','0970263803','fangyin62@gmail.com','https://sprofile.line-scdn.net/0huZPPWSx9KnV9KQOurtZUCg15KR9eWHNnWUY2QEt5JENIS293UktnQBsgIUAUGG4hVEhkQ0p9d0BxOl0TY3_WQXoZdEJEG2knVU9gmw','U461d70980ef88c83992cce3d1a64d81d','芳吟(皓&陽)','','','2021-04-29','','','richmenu-5095f070a147c219c562d432c29107da','0'),(60,'蔡文晴','0933159859','yichia1112@hotmail.com','https://sprofile.line-scdn.net/0hWkQfs7-tCER8HyaKGSh2OwxPCy5fblFWVHFDcU8YBCYUfB0aVCwVdU8cX3dGfEsSUX9CJkAdV3RwDH8iYkn0cHsvVnNFLUsWVHlCqg','U008b5e144a0eaaef8fb2c5ef0a61d2f4','Yichia Liao','','','2021-04-29','','','0','0'),(61,'楊逸芬','0919789794','letayang119@gmail.com','https://sprofile.line-scdn.net/0h38BFy2IhbBdvP0aJVPQSaB9vb31MTjUFQA0rcg9tZ3QAWy1CQgtzIlJoYHQFX3kSRA1wIQlsMHJjLBtxcWmQI2gPMiBWDS9FR1km-Q','Ube6e78d1e2b789c7623c60922636174b','楊逸芬(裔喬 羿萱)','','','2021-04-30','','','richmenu-80f41a99097c34e11f033ed50cfefa47','0'),(62,'林承澤','0970-248-880','candice248880@gmail.com ','https://sprofile.line-scdn.net/0hN6FUZTlAERlrLDmHzP5vZht8EnNIXUgLFRhZf1p4TXoBSVNHQEkJeV0tTigCH1dPQk8OKFx_Si1nP2Z_dXrtLWwcTy5SHlJLQ0pb9w','U50108828072b243e90e18a6f2de93605','Candice','','','2021-05-02','','','0','0'),(63,'周怡嘉','0955916399','ponponcyc16@gmail.com','https://sprofile.line-scdn.net/0hF22NS0P_GR0fNzBOFftnYm9nGnc8RkAPN1lXcn03RyQmBg4cMQJXKCgxEil1Aw0YM1BfLng3TysTJG57AWHlKRgHRyomBVpPN1FT8w','U64a76ac4decebf0e6878b331cd292803','怡嘉（宇謙&昀緹媽咪）','','','2021-05-02','','','richmenu-063c949a52ed8151168e9de4434afb3a','0'),(64,'陳筠翔','0952422658','hsiang725@gmail.com','https://sprofile.line-scdn.net/0hSYoydaneDHZCACSNNwdyCTJQDxxhcVVkbTNER3MIVER4OBh0PmITQicGAk8sYk0lbmRDFiUGBhROE3sQXFbwQkUwUkF7Mk8kamZGmA','U37fbe9f5e0add92044bb6c3f9b6a0a57','Jojo','','','2021-05-03','','','richmenu-80f41a99097c34e11f033ed50cfefa47','0'),(65,'黃敏','0922599535','cainlo@gmail.com','https://sprofile.line-scdn.net/0hJaHc8x40FU5lGgNmXu9rMRVKFiRGa0xcQC4JLgVNTn4MKVFMSSxeIVEYG34NL1RKSXkJegIbGXxpCWIoe0zpemIqS3lcKFYcTXxfoA','Ub59c3c60fa985cf96d4e428d2e5858e0','Ting (｡◕‿◕｡)','','','2021-05-05','','','richmenu-80f41a99097c34e11f033ed50cfefa47','0'),(66,'李瑋婷','0933095698','vivian731210@gmail.com','https://sprofile.line-scdn.net/0h1gqolZdlbkhcFkfMHTcQNyxGbSJ_ZzdacCQgKm8UNHloIy4edyVxKjtCYHw0JyEXcXEnKGBDMHBQBRkuQkCSfFsmMH9lJC0adHAkpg','U8f8db89b6bea33027ca74417e2669edb','李小V','','','2021-05-05','','','0','0'),(67,'黃浩軒','0981830097','beverly8088@gmail.com','https://sprofile.line-scdn.net/0heOUDMZqIOmB4PRDx4z9EHwhtOQpbTGNyUl18AUg8bVZEBXQ0UQ9xBUxqZVhDXX42UlghVUQ7Ygd0Lk0GZmvGVH8NZFdBD3kyUFtwjg','Uf966bf877b76ea08aa274d3de220d29b','Beverly佩芳','','','2021-05-06','','','richmenu-80f41a99097c34e11f033ed50cfefa47','0'),(68,'謝佳純','0909353551','ariel99353551@gmail.com','https://sprofile.line-scdn.net/0hm7FtDpLkMhhrDR_DsE1MZxtdMXJIfGsKRml0LVsJOSkDbyYcRWguKQoFPn9TPSEZTzx5e1kMbClnHkV-dVvOLGw9bC9SP3FKQ2t49g','Uabe2f6d656a61409648324192e8e6774','Vera Xie','','','2021-05-07','','','richmenu-80f41a99097c34e11f033ed50cfefa47','0'),(69,'林妍蓓','0925662660','danny158388@yahoo.com.tw','https://sprofile.line-scdn.net/0hDD0br7OGG2sdGw2H1_hlFG1LGAE-akJ5Yy0DWi4cEglyKFhqZnhSX31IRlpzfw81Zi9VXX8ZF1wRCGwNA03nXxorRVwkKVg5NX1RhQ','U77f6be9d704702ed82f08eef69224849','綺菁(妍蓓.柏汛.洧吏)','','','2021-05-09','','','0','0'),(70,'鄭植予','0919977405','roger.ch93@gmail.com','https://profile.line-scdn.net/0m052270497251785470e7f97bce24b054d141d51c6aa6','U50ae4405c521228aa62e0380b8950aa7','Roger','','','2021-05-10','','','0','0'),(71,'許秝瑋','0922010996','sandyenhp66@gmail.com','https://sprofile.line-scdn.net/0hFnlTl-djGUFBLTDD-exnPjF9GitiXEBTakxWInYsFHZ0SgsROR9QJyArT3Z9TwsUOUhfJyAuQXdNPm4nX3vldUYdR3Z4H1oTaUtTrw','U96572e7d2f58fa5dcd8bd426c0e98684','shelly','','','2021-05-10','','','richmenu-063c949a52ed8151168e9de4434afb3a','0'),(72,'蘇詠祁','0961021688','sunny.su@goater.com.tw','https://sprofile.line-scdn.net/0hNcRbdddlEUx_GziQdBJvMw9LEiZcakheAX1beB1JSCwQfgEeACoKeB8aTy5GKlMZV30JLU9LHylzCGYqYU3teHgrT3tGKVIeV31bog','U5998a9293d98080a5cad8554ac97e7f0','哥德蘇小姐（靖筑.祉櫆ma）','','','2021-05-11','','','0','0'),(73,'翁靖凱','0975185368','wong0806@yahoo.com.tw','https://sprofile.line-scdn.net/0hGwzN3TEgGFhXNzKOMjJmJydnGzJ0RkFKfwUDNzUwFT9pBAsKfQQEbGJlRDxiBVhZf1ZVPDFiQm1bJG8-SWHkbFAHRm9uBVsKf1FStg','U52bd5b6a0591ea32914870549566cabb','Arturo Wong','','','2021-05-12','','','richmenu-063c949a52ed8151168e9de4434afb3a','0'),(74,'李秋玲','0932388883','cherrylee910@gmail.com','https://sprofile.line-scdn.net/0hA9nimnA1HhZDEAlNyAlgaTNAHXxgYUcEOCFWI3cVRnN7I1AUbnNUIH5ARSN5JFFHPCZTdXYSQXZPA2lwXUbiIkQgQCF6Il1Ea3ZU-A','Ud3258cd9976fe324a734336e05fa4159','秋玲','','','2022-09-19','','','0','0'),(75,'張文川','0800002000','taiwanno1@gov.tw','https://sprofile.line-scdn.net/0hx6wpxJOfJxlaCTEw1g5ZZipZJHN5eH4Lc2xqeDtce3pnajIbIztoeD0PLC81aWBHcGo_KGhefnxWGlB_RF_bLV05eS5jO2RLcm9t9w','Uf0c6db31513b50f3b08513d41352fa29','WenChuan文川','','','2022-09-19','','','0','0'),(76,'張喜文','0912056303','w23376098@yahoo.com.tw','https://profile.line-scdn.net/0m049d63b87251a3c05e58e9e69fb798623a1d7aec48ac','U3743136294dc66234ef58240ca41a780','張喜文','','','2022-09-19','','','0','0'),(77,'曾秀美','0932210463','0932210463mei@gmail.com','https://profile.line-scdn.net/0m04d13ad67251ddf051eb11245ee258d4895887ebe144','Ue818e96a68ac14eb6c887c3171975792','曾秀美(子薰/子維)','richmenu-de3c4a3fefb68da4068f93490fa75ce8','會長','2022-09-26','https://i.imgur.com/rnkzG7C.jpg',' ','richmenu-5ac78a03cddc97dc37dbc6c6115a28e0','五常國中'),(78,'郭欣欣','123456789','denisekuo0921@gmail.com','https://sprofile.line-scdn.net/0hTb3W_ztVC00eLiCMBz51Mm5-CCc9X1JfOk5CeSgrXSp2S04fN0xFeCwpAX9xGhwdOx0XKy0mBygSPXwrAHj3eRkeVXonHEgfNkhBow','Ua9fbad3f49f7b1421211ab6932808444','欣欣','','','2022-10-21','','','0','0'),(79,'劉芸夆','0988352330','0827betty@gmail.com','https://sprofile.line-scdn.net/0hbpkH85ZuPV9GMSvjW5lDIDZhPjVlQGRNbF56biM1ZTh6CXgLa15xOHMzYT94BX0NOAR7PHplN2hKIko5WGfBa0EBY2h_A34Nbld3sQ','U2bd3a6c1a116ba0ebd39f2ec35338eeb','芸夆 Betty','','','2022-10-22','','','0','0'),(81,'馮翠珍','0961099301','roxannyfeng@gmail.com','https://sprofile.line-scdn.net/0hqdXwfOK-Lkt1DgHLVRhQNAVeLSFWf3dZXGliJUVadX4aaTlKCj9hfUgMIHNPOGEZXDtgJBcGdn95HVkta1jSf3I-cHxMPG0ZXWhkpQ','U65b23648100a3b5789243eafecfa01ba','馮翠珍','richmenu-de3c4a3fefb68da4068f93490fa75ce8','會長','2022-11-09','https://i.imgur.com/hvwViYJ.png','','richmenu-5ac78a03cddc97dc37dbc6c6115a28e0','格致中學'),(82,'顏淑婷','0922092207','tinayen6130@gmail.com','https://sprofile.line-scdn.net/0hzXUDgUCpJXd4PQ9yV7pbCAhtJh1bTHxlA1trRBlvKEREWmp1BlhvGU08LBAWDmF0UQttEklqc0J0LlIRZmvZQ38Ne0BBD2YlUFtvmQ','U80b884af5375abcd7a65741ed66eb4f3','婷婷','','','2022-11-20','','','0','0'),(83,'馬崇惟','0926295608','pony3999@gmail.com','https://sprofile.line-scdn.net/0hfXLzdr4TOXdhAxPurFVHCBFTOh1CcmBlSzZxGQcDZU4JMnYmGWR0EAYENEFdYXxxHmNxFAEAYkZtEE4Rf1XFQ2YzZ0BYMXolSWVzmQ','Uc5ece6e71c1e1038c1a96c3f1d6a878b','馬崇惟','','','2022-11-28','','','0','0'),(84,'蔣忠','0938913525','trtc20283@gmail.com','https://sprofile.line-scdn.net/0hEwv6UdNyGlhbTwxu9atkJysfGTJ4PkNKcCAFOm5OE25ge1wIcSBROm9ITW4xeFQIIiFdbW9IQTpXXG0-RRnmbFx_RG9ifVkKcylQtg','U08c645e0631fe029fa2a0f259d3c7ff4','蔣忠','','','2022-11-28','','','0','0'),(85,'陳錦文','0918819815','aa0932810815@gmail.com','https://sprofile.line-scdn.net/0h55MS34X6ahpgKkE_1vkUZRB6aXBDWzMITUUnfFJ_ZyMOHHlKSRkmfFUpYS9bTXpFHk5yfVN5MXhsOR18fnyWLmcaNC1ZGClISEwg9A','U555eafc0fceb7d77c7f6892fa4240e75','陳錦文','','','2022-11-28','','','0','0'),(86,'蕭雯謙','0919602761','chien1028@gmail.com','https://sprofile.line-scdn.net/0hDShGg5akG3xFPg5CV0ZlAzVuGBZmT0JuYQoGTnhtRk4vBlstYF5UEnNpTUx4Wg4uYV1TSHJuFk9JLWwaW2jnSEIORUt8DFgubVhRkg','U8e48224cf3c69c1a3288d22d1d6851fe','雯謙(子茵、梓綺、紫馨、子涵）萬興/景文','','','2022-11-28','','','0','0'),(87,'胡高凱','0900000000','Gmail','https://sprofile.line-scdn.net/0hcORHgz7LPGB_MRAxlR9CHw9hPwpcQGVyAVZ2Bk1hYgBDBSg-VVd7AkhlZgIQAS5lAFB1Ux4wagBzIksGYWfAVHgBYldGA38yV1d2jg','U78700763a924fb3b48416e0bcf38c29d','Ken','','','2022-11-28','','','0','0'),(88,'王麗禎','09191234','12356','https://sprofile.line-scdn.net/0h9-tX5IlRZgJZIXIpI8kYfSlxZWh6UD8QIkItYjkgbzs0GChdcxApMDxxPTY3FyBVdUEuZmtyP2dVMhFkR3eaNl4RODVgEyVQcUcs7A','U5fb8d72db0576a4c0222a284c77e06f8','王麗禎','','','2022-11-28','','','0','0'),(89,'陳美女','0935828694','meinu60@yahoo.com.tw','https://profile.line-scdn.net/0m02d94a0e725192b7549db20e5fe4037dccba0f1ad01f','Ubc0a3b80bc67ba2582280ad8c0f2d38d','美女','','','2022-11-28','','','0','0'),(90,'李淑華','0973189366','s7778@yahoo.com.tw','https://sprofile.line-scdn.net/0hC3cz9tspHBxOAwl0LzFiYz5TH3ZtckUONWdaeygDQH96MVlDY20Bey8AECwmNVpOZDVULngDSyhCEGt6UFXgKEkzQit3MV9OZmVW8g','Uc92244d3c1f4c96d7d74589fe56e223f','李淑華','','','2022-11-28','','','0','0'),(91,' 我','我','Absolutely ','https://profile.line-scdn.net/0m05e91be3725180f1b52f3d049a5bd731b1ca82c08544','U074a4d9f9b7d6b5f6e2d0577fd032e1d','玉蘭（泊灝）','','','2022-12-06','','','0','0'),(92,'林宏基','0958116732','s0958116732@gmail.com','https://sprofile.line-scdn.net/0hz0IUN7GgJR9kLDBKSRZbYBR8JnVHXXwNS0hrelV5LCldHTJOShluLFYkeiZRGWtKTBo4fQF-LiZoP1J5enrZK2MceyhdHmZNTEpv8Q','U86a61341ce144c85060b047d6d869c90','林宏基','','','2022-12-07','','','0','0'),(93,'李俊德','0930031311','tonyjewelry0313@gmail.com ','https://profile.line-scdn.net/0m05588d0f7251ed4ea4989c5f79a839d6dcfecb59b384','Uc8ba520f0177ff701d8f805c3c1d0a53','Tony Lee 李俊德(芸緹爸爸)','','','2022-12-07','','','0','0'),(94,'徐偉誠','0911505642','kevin642642@gmail.com','https://sprofile.line-scdn.net/0h9kAQXbbQZkRsKE6cs88YOxx4ZS5PWT9WSU57JFt_a3BZHXQTEEYocFogPnYGHSYURht8JQkuPHdgOxEicn6acGsYOHNVGiUWRE4sqg','U24ced1ab20b9bbfe393cdd7c15bedae8','Kevin Hsu(偉誠)','','','2022-12-08','','','0','0'),(95,'張莉群','0919251507','ujei1115@gmail.com ','https://sprofile.line-scdn.net/0hkk435cZ2NEQZSiMz9vJKO2kaNy46O21WPSt-d3lIbXAmfCcaYXgoJXkaOH0ienRBYCwvdi8fbXwVWUMiBxzIcB56anMgeHcWMSx-qg','U81b25eefa770764746fff5b0bbe0bf16','莉群（有俞＆億澐）','','','2022-12-08','','','0','0'),(96,'陳柏蓉','0934017819','crystalmadam@gmail.com','https://profile.line-scdn.net/0m0e41ea787251ca8c6d92ee6e189487c1a049cbcf96b0','U2f1ee3a0cd690b2dc24e73dabe7b736d','台花','','','2023-03-09','','','0','0'),(97,'溫淑梅','0938882225','jenniw27@yahoo.com.tw','https://profile.line-scdn.net/0m07de72bb7251afb7f738ca39edc3c20072af5aef6e7f','Uc3a67f836548181fde5d5365dc8fd6ae','溫淑梅(謙康樂媽咪）','','','2023-03-09','','','0','0'),(98,'張小姐','0911166012','sydneyww@yangming.com','https://sprofile.line-scdn.net/0hMYNuVCuIEnZjDDla6RZsCRNcERxAfUtkGmtfEFAKGBJaO1V3SmJVQl4MSBRYawYhSmNcEFNbSEBvH2UQfVruQmQ8TEFaPlEkS2pYmA','Ue773c567ce8480c5925780870af4957a','Sydney','','','2023-03-09','','','0','0'),(99,'陳家豪','0988635151','dangaho@gmail.com','https://sprofile.line-scdn.net/0hEeita0E5GkpEDQ8vexFkNTRdGSBnfENYPGoGfiNYRylxaVoUO2lTLncMFn1wOQkePDlRe3heFC9IHm0sWlvmfkM9RH19P1kYbGtQpA','U5a5c6437e09865bcdc8162dfec014cc5','Max','','','2023-03-09','','','0','0'),(100,'/list','0968324525','liaograce62@gmail.com ','https://sprofile.line-scdn.net/0hfNWlx6DVOWF6FRDW2VZHHgpFOgtZZGBzVnF-U0ZAblVCIXgzViZ3VxoUNAYXcn9lAXIkVBhGMAJ2Bk4HZEPFVX0lZ1ZDJ3ozUnNzjw','Uf5a5e6f0dcee870a2552b31193c97ff3','廖淑惠','','','2023-03-09','','','0','0'),(101,'林欣璇','0963086509','景興國中','https://sprofile.line-scdn.net/0h4poypotja19CAHzXv94VIDJQaDVhcTJNZmIsaSMGYTgqOSsOPmZwbXdTZmt2ZCkNaTYtaXQCNDxOExw5XFaXa0UwNWh7MigNamYhsQ','U0557be23ef507603449892f716b67ea8','林欣璇','','','2023-03-09','','','0','0'),(102,'蕭淯璟','0920521473','oesis921@gmail.com','https://sprofile.line-scdn.net/0hSrzwpdLMDF1XDhqRV01yIideDzd0f1VPLjsWOzZZWj9paRlceG8TPGpcAmxqPk4JLG8TPmAMUD5bHXs7SVjwaVA-UmpuPE8Pf2hGsw','U6aa3b096bd163f5797b3f557ee8d8d11','瓊雅/淯璟','','','2023-03-09','','','0','0'),(103,'蔡明芳','0928703183','mingfang.tsai@fubon.com','https://sprofile.line-scdn.net/0hv6NnSlDMKRljFwfhk_NXZhNHKnNAZnALSHg0e1MQfygJc2dPSCRmKAJFJylfI2ZKSnlneFAWJXlvBF5_fUHVLWQndy5aJWpLS3Fj9w','Ubcb14401a79bb29af6c1fdb9568c215f','888(蔡明芳)','','','2023-04-28','','','0','0');
/*!40000 ALTER TABLE `person` ENABLE KEYS */;
UNLOCK TABLES;

--
-- Table structure for table `personassns`
--

DROP TABLE IF EXISTS `personassns`;
/*!40101 SET @saved_cs_client     = @@character_set_client */;
/*!40101 SET character_set_client = utf8 */;
CREATE TABLE `personassns` (
  `paID` int(11) NOT NULL AUTO_INCREMENT,
  `lineID` varchar(120) NOT NULL,
  `assnsID` int(11) NOT NULL,
  `positionID` int(11) NOT NULL DEFAULT '0' COMMENT '職稱',
  `yearz` smallint(6) NOT NULL DEFAULT '0',
  `approved` smallint(6) NOT NULL DEFAULT '0',
  `generation` int(11) NOT NULL DEFAULT '0' COMMENT '第幾屆',
  `serialz` smallint(6) NOT NULL DEFAULT '0' COMMENT '得票數',
  PRIMARY KEY (`paID`)
) ENGINE=InnoDB AUTO_INCREMENT=46 DEFAULT CHARSET=utf8;
/*!40101 SET character_set_client = @saved_cs_client */;

--
-- Dumping data for table `personassns`
--

LOCK TABLES `personassns` WRITE;
/*!40000 ALTER TABLE `personassns` DISABLE KEYS */;
INSERT INTO `personassns` VALUES (1,'U0c181ee00f74141895ea46941cf0a3b1',1,8,2019,1,0,0),(2,'U0c181ee00f74141895ea46941cf0a3b1',2,11,2019,1,0,0),(3,'U0c181ee00f74141895ea46941cf0a3b1',3,11,2019,1,0,0),(5,'U63f3316d012a7808150d590d99637695',3,9,2019,1,0,0),(7,'Ubdbadee2f33d7546253110a1913d2d7a',3,9,2019,1,0,0),(9,'U9ba6dab540310be64b1f42402ff4a833',3,8,2019,1,0,0),(10,'U9ba6dab540310be64b1f42402ff4a833',3,8,2018,1,0,0),(11,'U330fe8dc57b7fc319bb7968be3fd0bb4',3,10,2019,1,0,0),(12,'U330fe8dc57b7fc319bb7968be3fd0bb4',2,10,2019,1,0,0),(14,'U87e901072c956f70109d724e3e7bdf49',3,7,2019,0,0,0),(15,'U2f41f72e0699f5e31c348e75a93f1e1b',3,4,2019,0,0,0),(16,'Ubfcc1c32d1fe9b3eafbc778a2a9f6505',3,6,2019,1,0,0),(17,'Ub3f16b3fd6ab9d4c31d47b494df70239',3,4,2019,1,0,0),(18,'Ub3f16b3fd6ab9d4c31d47b494df70239',3,9,2019,1,33,0),(19,'Ubfcc1c32d1fe9b3eafbc778a2a9f6505',39,14,2019,1,0,0),(20,'U742a1d73d2013d9e69a34e5516b72ae8',3,2,2019,1,18,0),(21,'U742a1d73d2013d9e69a34e5516b72ae8',40,15,2019,1,0,0),(22,'U4a23649c91ec4601e7d2a592f093b0ab',3,14,2019,0,0,0),(23,'Ud4dab9fe8ffaa50e776c985b4e610ac4',3,5,2019,0,0,0),(24,'Ube1a62e8d1d317aea15ca9b1095b538b',3,7,2019,0,0,0),(25,'U330fe8dc57b7fc319bb7968be3fd0bb4',3,10,2018,0,0,0),(26,'U63f3316d012a7808150d590d99637695',3,9,2018,0,0,0),(27,'U9ba6dab540310be64b1f42402ff4a833',3,8,2017,0,0,0),(28,'U742a1d73d2013d9e69a34e5516b72ae8',40,14,2018,0,0,0),(29,'U1ddcdf1a8fa3b24dc92cd4597603af43',41,14,2019,0,0,0),(30,'Ue300c90bc3619b3e659f81d16333a812',42,14,2019,0,0,0),(31,'U950414eaea1291a6d5dd2430e74f4b58',3,1,2019,0,0,0),(32,'U950414eaea1291a6d5dd2430e74f4b58',43,14,2018,0,0,0),(33,'U21edeab9165678f28da71f557ac097ae',3,9,2019,0,0,0),(34,'U21edeab9165678f28da71f557ac097ae',44,14,2018,0,0,0),(35,'U074a4d9f9b7d6b5f6e2d0577fd032e1d',3,0,2019,0,0,0),(36,'U4fd96161a0cd4db47b30524664eca4df',3,0,2019,0,0,0),(37,'U4fd96161a0cd4db47b30524664eca4df',1,7,2019,1,18,27),(38,'U0f6b813d3aa25b5bd5ea40a869976d9c',1,4,2020,0,18,23),(39,'U4a23649c91ec4601e7d2a592f093b0ab',32,15,2019,0,0,0),(40,'U3f637bc403e15d8868152eeaffc9dc70',3,14,2019,0,0,0),(41,'U763c786462acef8b458fb3bc14970b42',38,16,2019,0,0,0),(42,'U0f6b813d3aa25b5bd5ea40a869976d9c',1,17,2019,0,18,0),(43,'Ue86d955502edbb122272d633423b9f79',1,6,2019,1,18,18),(44,'Ue86d955502edbb122272d633423b9f79',22,14,2019,0,0,0),(45,'Uda822202e4c8943354f11b55525297b3',3,0,2020,0,0,0);
/*!40000 ALTER TABLE `personassns` ENABLE KEYS */;
UNLOCK TABLES;

--
-- Table structure for table `personcards`
--

DROP TABLE IF EXISTS `personcards`;
/*!40101 SET @saved_cs_client     = @@character_set_client */;
/*!40101 SET character_set_client = utf8 */;
CREATE TABLE `personcards` (
  `cardID` int(11) NOT NULL AUTO_INCREMENT,
  `usrNo` int(11) NOT NULL,
  `cardName` varchar(20) NOT NULL COMMENT '名片類別',
  `picture` varchar(200) NOT NULL COMMENT 'bubble前的小icon',
  `card` text NOT NULL,
  PRIMARY KEY (`cardID`)
) ENGINE=InnoDB AUTO_INCREMENT=8 DEFAULT CHARSET=utf8 COMMENT='個人名片設定';
/*!40101 SET character_set_client = @saved_cs_client */;

--
-- Dumping data for table `personcards`
--

LOCK TABLES `personcards` WRITE;
/*!40000 ALTER TABLE `personcards` DISABLE KEYS */;
INSERT INTO `personcards` VALUES (1,1,'聯合會用','https://i.imgur.com/iZPiv3I.png','{\r\n    \"usrNo\": \"1\",\r\n    \"cardName\": \"聯合會用\",\r\n    \"picture\": \"\",\r\n    \"cards\": [\r\n        {\r\n       \"cardStyle\": \"sharetarget0.tpl\",\r\n       \"mainImageInfo\": \"臺北市高中學生家長會聯合會\",\r\n       \"mainImage\": \"https://i.imgur.com/x5Hy2oe.png\",\r\n       \"name\": \"劉智漢\",\r\n       \"socialImages\": [\"https://i.imgur.com/iZPiv3I.png\", \"https://i.imgur.com/QOfEvUd.png\", \"https://i.imgur.com/uCJVMbl.png\",  \"https://i.imgur.com/H9h3Cu8.png\", \"https://i.imgur.com/hs5ksAx.png\"],\r\n       \"title\": \"執行長\",\r\n       \"address\": \"台北市南港區研究院路二段128號行政大樓4F資訊服務處\",\r\n       \"motel\": \"0921-609-364\",\r\n       \"email\": \"justgps@gmail.com\",\r\n       \"qrcode\": \"https://i.imgur.com/a1OAMGu.png\"\r\n    },\r\n   {\r\n    \"cardStyle\": \"expression.tpl\",\r\n    \"image\": \"\",\r\n    \"exps\": [\r\n       { \"orgName\": \"全國高中高職家長會長協會第九屆\",\r\n         \"title\": \"常務理事\"\r\n       },\r\n       { \"orgName\": \"全國高中高職家長會長協會第八屆\",\r\n        \"title\": \"秘書長\"\r\n       },\r\n       { \"orgName\": \"臺北市高中學生家長會聯合會第20屆\",\r\n         \"title\": \"執行長\"\r\n       },\r\n       { \"orgName\": \"臺北市高中學生家長會聯合會第13-14、18-19屆\",\r\n         \"title\": \"資訊長\"\r\n       },\r\n       { \"orgName\": \"臺北市高職學生家長會聯合會第18屆\",\r\n         \"title\": \"秘書長\"\r\n       },\r\n       { \"orgName\": \"臺北市高職學生家長會聯合會第16屆\",\r\n         \"title\": \"理事\"\r\n       },\r\n       { \"orgName\": \"臺北市國中學生家長會聯合會第14-20屆\",\r\n         \"title\": \"資訊長\"\r\n       },\r\n       { \"orgName\": \"臺北市國中學生家長會聯合會第13屆\",\r\n         \"title\": \"資訊總召\"\r\n       },\r\n       { \"orgName\": \"臺北市內湖高級工業職業學校106學年度家長會\",\r\n         \"title\": \"會長\"\r\n       },\r\n       { \"orgName\": \"臺北市立介壽國民中學第47屆家長會\",\r\n         \"title\": \"會長\"\r\n       },\r\n       { \"orgName\": \"臺北市立國樂團附設青少年團103年度後援會\",\r\n         \"title\": \"會長\"\r\n       }\r\n    ]\r\n   }, \r\n   {\r\n       \"cardStyle\": \"card_qrcode.tpl\",\r\n       \"mainImage\": \"https://i.imgur.com/rpBaTUB.png\",\r\n       \"mainImageTitle\": \"歡迎掃描下列QRCode加入教育小幫手\",\r\n       \"mainImageInfo\": \"教育小幫手是一款協助各學層聯合會、協會所建立之LINE App。主要目的為整合各學層資訊，讓使用者快速取得相關訊息。\",\r\n       \"qrcode\": \"https://i.imgur.com/37q5dfP.png\",\r\n       \"qrcodeInfo\": \"請掃描上方QRCode，以便快速加入教育小幫手LINE APP工具\"\r\n    }\r\n   ]\r\n}'),(2,1,'工作用名片','https://idv.sinica.edu.tw/andyliu/images/sinica.png','{\r\n    \"usrNo\": \"1\",\r\n    \"cardName\": \"工作用名片\",\r\n    \"picture\": \"\",\r\n    \"cards\": [{\r\n       \"cardStyle\": \"sharetarget0.tpl\",\r\n       \"mainImageInfo\": \"中央研究院\",\r\n       \"mainImage\": \"https://i.imgur.com/8vN5Dj3.png\",\r\n       \"name\": \"劉智漢\",\r\n       \"socialImages\": [\"https://i.imgur.com/iZPiv3I.png\", \"https://i.imgur.com/QOfEvUd.png\", \"https://i.imgur.com/uCJVMbl.png\",  \"https://i.imgur.com/H9h3Cu8.png\", \"https://i.imgur.com/hs5ksAx.png\"],\r\n       \"title\": \"系統分析師\",\r\n       \"address\": \"台北市南港區研究院路二段128號行政大樓4F資訊服務處\",\r\n       \"motel\": \"0921-609-364\",\r\n       \"email\": \"justgps@gmail.com\",\r\n       \"qrcode\": \"https://i.imgur.com/a1OAMGu.png\"\r\n    },\r\n   {\r\n    \"cardStyle\": \"expression.tpl\",\r\n    \"image\": \"\",\r\n    \"exps\": [\r\n       { \"orgName\": \"資訊服務處推廣科\",\r\n         \"title\": \"系統分析師\"\r\n       },\r\n       { \"orgName\": \"資訊服務處推廣科綜合規劃組\",\r\n        \"title\": \"組長\"\r\n       },\r\n       { \"orgName\": \"資訊服務處處長室\",\r\n         \"title\": \"系統分析師\"\r\n       },\r\n       { \"orgName\": \"資訊服務處發展科網頁技術及出版組\",\r\n         \"title\": \"組長\"\r\n       },\r\n       { \"orgName\": \"計算中心2010福委會\",\r\n         \"title\": \"主委\"\r\n       },\r\n       { \"orgName\": \"計算中心推廣科網頁技術及出版組\",\r\n         \"title\": \"組長\"\r\n       },\r\n       { \"orgName\": \"計算中心推廣科網頁技術組\",\r\n         \"title\": \"組長\"\r\n       },\r\n       { \"orgName\": \"計算中心二科\",\r\n         \"title\": \"資訊人員\"\r\n       },\r\n       { \"orgName\": \"傑程科技股份有限公司\",\r\n         \"title\": \"網路系統顧問\"\r\n       },\r\n       { \"orgName\": \"鴻齡國際有限公司\",\r\n         \"title\": \"工程部執行長\"\r\n       },\r\n       { \"orgName\": \"美格科技股份有限公司\",\r\n         \"title\": \"軟體工程師\"\r\n       }\r\n    ]\r\n   }\r\n   ]\r\n}'),(3,77,'聯合會用','https://i.imgur.com/iZPiv3I.png','{\r\n    \"usrNo\": \"1\",\r\n    \"cardName\": \"聯合會用\",\r\n    \"picture\": \"\",\r\n    \"cards\": [\r\n        {\r\n       \"cardStyle\": \"sharetarget0.tpl\",\r\n       \"mainImageInfo\": \"臺北市立五常國中\",\r\n       \"mainImage\": \"https://i.imgur.com/OviPMsB.jpg\",\r\n       \"name\": \"曾秀美\",\r\n       \"socialImages\": [\"https://i.imgur.com/iZPiv3I.png\", \"https://i.imgur.com/QOfEvUd.png\", \"https://i.imgur.com/uCJVMbl.png\",  \"https://i.imgur.com/H9h3Cu8.png\", \"https://i.imgur.com/hs5ksAx.png\"],\r\n       \"title\": \"家長會會長\",\r\n       \"address\": \"台北市中山區復興北路430巷1號(五常國中)\",\r\n       \"motel\": \"0932-210-463\",\r\n       \"email\": \"0932210463mei@gmail.com\",\r\n       \"qrcode\": \"https://i.imgur.com/rnkzG7C.jpg\"\r\n    },\r\n   {\r\n    \"cardStyle\": \"expression.tpl\",\r\n    \"image\": \"\",\r\n    \"exps\": [\r\n       { \"orgName\": \"臺北市立五常國中111學年度家長會\",\r\n         \"title\": \"會長\"\r\n       },\r\n       { \"orgName\": \"臺北市立五常國中110學年度家長會\",\r\n        \"title\": \"副會長\"\r\n       },\r\n       { \"orgName\": \"臺北市立五常國中110學年度美術班家長後援會\",\r\n         \"title\": \"會長\"\r\n       },\r\n       { \"orgName\": \"臺北市立五常國中109學年度家長會\",\r\n         \"title\": \"家委\"\r\n       },\r\n       { \"orgName\": \"臺北市立中正高中109學年度美術班家長後援會\",\r\n         \"title\": \"會長\"\r\n       },\r\n       { \"orgName\": \"臺北市立中正高中108-110學年度家長會\",\r\n         \"title\": \"家代\"\r\n       },\r\n       { \"orgName\": \"臺北市立民族國小107學年度美術班推展委員會\",\r\n         \"title\": \"會長\"\r\n       },\r\n       { \"orgName\": \"臺北市立五常國中105-107學年度家長會美術班\",\r\n         \"title\": \"家代\"\r\n       }\r\n    ]\r\n   }\r\n   ]\r\n}'),(4,81,'聯合會用','https://i.imgur.com/pXhenTm.jpg','{\r\n    \"usrNo\": \"81\",\r\n    \"cardName\": \"聯合會用\",\r\n    \"picture\": \"\",\r\n    \"cards\": [\r\n        {\r\n       \"cardStyle\": \"sharetarget0.tpl\",\r\n       \"mainImageInfo\": \"臺北市國中學生家長會聯合會\",\r\n       \"mainImage\": \"https://i.imgur.com/pXhenTm.jpg\",\r\n       \"name\": \"馮翠珍\",\r\n       \"socialImages\": [\"https://i.imgur.com/iZPiv3I.png\", \"https://i.imgur.com/QOfEvUd.png\", \"https://i.imgur.com/uCJVMbl.png\",  \"https://i.imgur.com/H9h3Cu8.png\", \"https://i.imgur.com/hs5ksAx.png\"],\r\n       \"title\": \"常務理事\",\r\n       \"address\": \"臺北市士林區仰德大道4段75號(格致國中)\",\r\n       \"motel\": \"0961 099 301\",\r\n       \"email\": \"roxannyfeng@gmail.com\",\r\n       \"qrcode\": \"https://i.imgur.com/hvwViYJ.png\"\r\n    },\r\n   {\r\n    \"cardStyle\": \"expression.tpl\",\r\n    \"image\": \"\",\r\n    \"exps\": [\r\n       { \"orgName\": \"台北市格致國中學生家長（110-111）\",\r\n         \"title\": \"會長\"\r\n       },\r\n       { \"orgName\": \"臺北市國中學生家長會聯合會（110）\",\r\n        \"title\": \"常務理事\"\r\n       },\r\n       { \"orgName\": \"臺北市國中學生家長會聯合會生涯領航委員會（110）\",\r\n         \"title\": \"總召\"\r\n       },\r\n       { \"orgName\": \"中國文化大學中國文學系\",\r\n         \"title\": \"專任助理教授\"\r\n       },\r\n       { \"orgName\": \"中國文學\",\r\n         \"title\": \"博士\"\r\n       }\r\n    ]\r\n   }\r\n   ]\r\n}'),(5,81,'文化大學名片','https://i.imgur.com/pXhenTm.jpg','{\r\n    \"usrNo\": \"81\",\r\n    \"cardName\": \"文化大學用\",\r\n    \"picture\": \"\",\r\n    \"cards\": [\r\n        {\r\n       \"cardStyle\": \"sharetarget0.tpl\",\r\n       \"mainImageInfo\": \"中國文化大學\",\r\n       \"mainImage\": \"https://i.imgur.com/pXhenTm.jpg\",\r\n       \"name\": \"馮翠珍\",\r\n       \"socialImages\": [\"https://i.imgur.com/iZPiv3I.png\", \"https://i.imgur.com/QOfEvUd.png\", \"https://i.imgur.com/uCJVMbl.png\",  \"https://i.imgur.com/H9h3Cu8.png\", \"https://i.imgur.com/hs5ksAx.png\"],\r\n       \"title\": \"專任助理教授\",\r\n       \"address\": \"臺北市士林區華岡路55號\",\r\n       \"motel\": \"0961-099-301\",\r\n       \"email\": \"roxannyfeng@gmail.com\",\r\n       \"qrcode\": \"https://i.imgur.com/hvwViYJ.png\"\r\n    },\r\n   {\r\n    \"cardStyle\": \"expression.tpl\",\r\n    \"image\": \"\",\r\n    \"exps\": [\r\n       { \"orgName\": \"中國文化大學中國文學系(108~)\",\r\n         \"title\": \"專任助理教授\"\r\n       },\r\n       { \"orgName\": \"中國文化大學推廣教育中心\",\r\n        \"title\": \"特約講師\"\r\n       },\r\n       { \"orgName\": \"中國文化大學中國文學系\",\r\n         \"title\": \"博士\"\r\n       },\r\n       { \"orgName\": \"親民/亞太創意技術學院（89~106)\",\r\n         \"title\": \"專任助理教授\"\r\n       },\r\n       { \"orgName\": \"淡江大學(104~108)\",\r\n         \"title\": \"兼任助理教授\"\r\n       }\r\n    ]\r\n   }\r\n   ]\r\n}'),(6,81,'精油','https://i.imgur.com/pXhenTm.jpg','{\r\n    \"usrNo\": \"81\",\r\n    \"cardName\": \"精油\",\r\n    \"picture\": \"\",\r\n    \"cards\": [\r\n        {\r\n       \"cardStyle\": \"sharetarget0.tpl\",\r\n       \"mainImageInfo\": \"世界中醫藥學聯合會\",\r\n       \"mainImage\": \"https://i.imgur.com/pXhenTm.jpg\",\r\n       \"name\": \"馮翠珍\",\r\n       \"socialImages\": [\"https://i.imgur.com/iZPiv3I.png\", \"https://i.imgur.com/QOfEvUd.png\", \"https://i.imgur.com/uCJVMbl.png\",  \"https://i.imgur.com/H9h3Cu8.png\", \"https://i.imgur.com/hs5ksAx.png\"],\r\n       \"title\": \"高階植物精油療法理療師\",\r\n       \"address\": \"臺北市士林區華岡路55號\",\r\n       \"motel\": \"0961-099-301\",\r\n       \"email\": \"roxannyfeng@gmail.com\",\r\n       \"qrcode\": \"https://i.imgur.com/hvwViYJ.png\"\r\n    },\r\n   {\r\n    \"cardStyle\": \"expression.tpl\",\r\n    \"image\": \"\",\r\n    \"exps\": [\r\n       { \"orgName\": \"世界中醫藥學聯合會\",\r\n         \"title\": \"高階植物精油療法理療師\"\r\n       },\r\n       { \"orgName\": \"中國人社部植物精油療法師認證資格\",\r\n        \"title\": \"精油療法師\"\r\n       },\r\n       { \"orgName\": \"德國萊茵TUV精油\",\r\n        \"title\": \"健康調理講師\"\r\n       },\r\n       { \"orgName\": \"中國文化大學中國文學系\",\r\n         \"title\": \"助理教授\"\r\n       },\r\n       { \"orgName\": \"內政部中餐丙級認證\",\r\n         \"title\": \"丙級技術士\"\r\n       },\r\n       { \"orgName\": \"新北市手工皂認證師資\",\r\n         \"title\": \"專業講師\"\r\n       }\r\n    ]\r\n   }\r\n   ]\r\n}'),(7,5,'聯合會用','https://i.imgur.com/iZPiv3I.png','{\r\n    \"usrNo\": \"5\",\r\n    \"cardName\": \"聯合會用\",\r\n    \"picture\": \"\",\r\n    \"cards\": [\r\n        {\r\n       \"cardStyle\": \"sharetarget0.tpl\",\r\n       \"mainImageInfo\": \"臺北市國中學生家長會聯合會\",\r\n       \"mainImage\": \"https://i.imgur.com/oahrOvL.jpg\",\r\n       \"name\": \"程建中\",\r\n       \"socialImages\": [\"https://i.imgur.com/iZPiv3I.png\", \"https://i.imgur.com/QOfEvUd.png\", \"https://i.imgur.com/uCJVMbl.png\",  \"https://i.imgur.com/H9h3Cu8.png\", \"https://i.imgur.com/hs5ksAx.png\"],\r\n       \"title\": \"執行長\",\r\n       \"address\": \"台北市信義區信義路5段150巷342弄25號1樓\",\r\n       \"motel\": \"0932-782-464\",\r\n       \"email\": \"ssscheng2005@yahoo.com.tw\",\r\n       \"qrcode\": \"https://i.imgur.com/TOURBv9.jpg\"\r\n    },\r\n   {\r\n    \"cardStyle\": \"expression.tpl\",\r\n    \"image\": \"\",\r\n    \"exps\": [\r\n       { \"orgName\": \"宏輝科技 \",\r\n         \"title\": \" \"\r\n       },\r\n       { \"orgName\": \"信義國中105\",\r\n        \"title\": \"會長\"\r\n       },\r\n       { \"orgName\": \"信義國中106~109\",\r\n         \"title\": \"校務顧問\"\r\n       },\r\n       { \"orgName\": \"國中聯第15屆\",\r\n         \"title\": \"監事\"\r\n       },\r\n       { \"orgName\": \"國中聯第16-20屆\",\r\n         \"title\": \"副秘書長\"\r\n       }\r\n    ]\r\n   }\r\n   ]\r\n}');
/*!40000 ALTER TABLE `personcards` ENABLE KEYS */;
UNLOCK TABLES;

--
-- Table structure for table `personpay`
--

DROP TABLE IF EXISTS `personpay`;
/*!40101 SET @saved_cs_client     = @@character_set_client */;
/*!40101 SET character_set_client = utf8 */;
CREATE TABLE `personpay` (
  `payID` int(11) NOT NULL AUTO_INCREMENT,
  `lineID` varchar(150) NOT NULL,
  `system` varchar(30) NOT NULL,
  `level` smallint(2) NOT NULL DEFAULT '0',
  `fromDate` date NOT NULL COMMENT '權限使用開始日期',
  `endDate` date NOT NULL COMMENT '結束日期',
  PRIMARY KEY (`payID`)
) ENGINE=InnoDB DEFAULT CHARSET=utf8 COMMENT='付費資訊';
/*!40101 SET character_set_client = @saved_cs_client */;

--
-- Dumping data for table `personpay`
--

LOCK TABLES `personpay` WRITE;
/*!40000 ALTER TABLE `personpay` DISABLE KEYS */;
/*!40000 ALTER TABLE `personpay` ENABLE KEYS */;
UNLOCK TABLES;

--
-- Table structure for table `personsheet`
--

DROP TABLE IF EXISTS `personsheet`;
/*!40101 SET @saved_cs_client     = @@character_set_client */;
/*!40101 SET character_set_client = utf8 */;
CREATE TABLE `personsheet` (
  `psID` int(11) NOT NULL AUTO_INCREMENT,
  `usrNo` int(11) NOT NULL,
  `name` varchar(30) NOT NULL,
  `programUrl` varchar(245) NOT NULL COMMENT 'Google Action Script URL',
  `sheetID` varchar(254) NOT NULL,
  `dataSheetName` varchar(50) NOT NULL,
  `questionSheetName` varchar(30) NOT NULL,
  `senderID` int(11) NOT NULL DEFAULT '0' COMMENT 'sender ID',
  `meno` varchar(100) DEFAULT NULL,
  PRIMARY KEY (`psID`)
) ENGINE=InnoDB AUTO_INCREMENT=10 DEFAULT CHARSET=utf8;
/*!40101 SET character_set_client = @saved_cs_client */;

--
-- Dumping data for table `personsheet`
--

LOCK TABLES `personsheet` WRITE;
/*!40000 ALTER TABLE `personsheet` DISABLE KEYS */;
INSERT INTO `personsheet` VALUES (1,1,'todo','AKfycbxmtNIWu4Ulf0AqQNmTS-zwJ4tAr8OKnvpII70fQbtAhHSuW4zV','1_mdD7XqjaX4IJIzJvLgufD2lVG7yBAyxUB1A_-2mGvg','Answers','Questions',1,NULL),(2,1,'passwordsheet','','1MbKIv0jiJ5DluYaRZQ-2YVOIixYE2UAeIzg81zqQ3-A','Answers','Questions',4,NULL),(5,1,'location','','1t29hW1WNyjwnKzmtAkwogEF--VpvFnv9tAJdewc0fG0','Answers','Questions',0,NULL),(6,1,'健康聲明書','AKfycbxmtNIWu4Ulf0AqQNmTS-zwJ4tAr8OKnvpII70fQbtAhHSuW4zV','1gjf78JcFEl3Hf_R6qqMus7HlpjhDqxDvJ8DQN5Kp70I','Answers','Questions',6,'Taiwan Centers for Disease Control'),(7,1,'SearchGoogleSheet','AKfycbxmtNIWu4Ulf0AqQNmTS-zwJ4tAr8OKnvpII70fQbtAhHSuW4zV','1MbKIv0jiJ5DluYaRZQ-2YVOIixYE2UAeIzg81zqQ3-A','Answers','',7,'搜尋Google Sheet內的資料'),(8,1,'教育訊息','AKfycbxMfLsSo5Ht4pOfAjPh_dafO_7DBkyfsbxH__3hPapp4NGd_ESYyn9qd8IpSWjyAuYV','1pvDKYaYt_S3C3bMPX4uSqDRCUcAGOLmaXHnp6w56oUk','all','',3,'蒐集各頻道的教育訊息，然後分流'),(9,8,'會長協圖庫','AKfycbxssMB8tyyGDrglFdHDRAnJjw0BcQywO2j3pqNU9ZbWzbA7GHeNlwDxWwpHgb4PjY547w','17oYnEWDQCgQcyXHPZsTmSfju1PyrPbshIEziKVBpn3I','16','',3,'程式與資料存放於：tppatep@gmail.com 雲端硬碟 bot 目錄下');
/*!40000 ALTER TABLE `personsheet` ENABLE KEYS */;
UNLOCK TABLES;

--
-- Table structure for table `positionz`
--

DROP TABLE IF EXISTS `positionz`;
/*!40101 SET @saved_cs_client     = @@character_set_client */;
/*!40101 SET character_set_client = utf8 */;
CREATE TABLE `positionz` (
  `positionID` int(11) NOT NULL AUTO_INCREMENT,
  `name` varchar(30) NOT NULL,
  `serialz` smallint(6) NOT NULL DEFAULT '0',
  PRIMARY KEY (`positionID`)
) ENGINE=InnoDB AUTO_INCREMENT=19 DEFAULT CHARSET=utf8;
/*!40101 SET character_set_client = @saved_cs_client */;

--
-- Dumping data for table `positionz`
--

LOCK TABLES `positionz` WRITE;
/*!40000 ALTER TABLE `positionz` DISABLE KEYS */;
INSERT INTO `positionz` VALUES (1,'總會長',0),(2,'副總會長',1),(3,'監事長',2),(4,'常務理事',3),(5,'常務監事',4),(6,'理事',5),(7,'監事',6),(8,'秘書長',7),(9,'副秘書長',8),(10,'執行長',9),(11,'資訊長',10),(12,'財務長',11),(13,'會計',12),(14,'家長會會長',13),(15,'聯合會代表',14),(16,'校長',0),(17,'總召集人',1),(18,'副召集人',2);
/*!40000 ALTER TABLE `positionz` ENABLE KEYS */;
UNLOCK TABLES;

--
-- Table structure for table `recordz`
--

DROP TABLE IF EXISTS `recordz`;
/*!40101 SET @saved_cs_client     = @@character_set_client */;
/*!40101 SET character_set_client = utf8 */;
CREATE TABLE `recordz` (
  `recordID` int(11) NOT NULL AUTO_INCREMENT,
  `url` text NOT NULL COMMENT '檔案網址',
  `assnsID` int(11) NOT NULL DEFAULT '0' COMMENT '協會代碼',
  `cmitID` int(11) NOT NULL DEFAULT '0',
  `activiteID` int(11) NOT NULL DEFAULT '0' COMMENT '活動代碼',
  `generation` int(11) NOT NULL DEFAULT '0' COMMENT '第n屆',
  `name` varchar(254) NOT NULL COMMENT '檔案名稱',
  `datez` date NOT NULL DEFAULT '0000-01-01',
  PRIMARY KEY (`recordID`)
) ENGINE=InnoDB AUTO_INCREMENT=114 DEFAULT CHARSET=utf8;
/*!40101 SET character_set_client = @saved_cs_client */;

--
-- Dumping data for table `recordz`
--

LOCK TABLES `recordz` WRITE;
/*!40000 ALTER TABLE `recordz` DISABLE KEYS */;
INSERT INTO `recordz` VALUES (1,'https://drive.google.com/file/d/1ILxMb8hfvlGBy0z9L45ngS0qVy9mkvyH/view?usp=sharing',3,0,0,18,'18屆第一次會員代表大會會議紀錄','2019-11-24'),(2,'https://drive.google.com/file/d/1O_Uyrw1E14lgWUW4vyDWiAQ8Y2XOhf1J/view?usp=sharing',1,0,0,18,'18屆第一次常務理監事會議紀錄','2019-11-18'),(3,'https://drive.google.com/file/d/1z2-JJghlvKkQyA2Qlp0n7KqJTuB0VS76/view?usp=sharing',1,4,0,18,'18屆第一次特教、公關委員會聯席會議記錄','2019-11-25'),(4,'https://drive.google.com/file/d/1z2-JJghlvKkQyA2Qlp0n7KqJTuB0VS76/view?usp=sharing',1,3,0,18,'18屆第一次特教、公關委員會聯席會議記錄','2019-11-25'),(5,'https://drive.google.com/file/d/14two-b02ganqXXovMrTDKPqYMiI_KM46/view?usp=sharing',1,0,0,18,'18屆第一次理監事聯席會議會議記錄','2019-12-02'),(6,'https://drive.google.com/file/d/156bCK1VY29ctdlzH4gRX88DEQKMmf_zW/view?usp=sharing',1,5,0,18,'18屆第二次法政委員會會議紀錄','2019-12-26'),(7,'https://drive.google.com/file/d/1wX_euJPHH-ndjsDZEdW2pmK3Ek9531iH/view?usp=sharing',1,5,0,18,'18屆第三次法政委員會會議紀錄','2020-01-30'),(8,'https://drive.google.com/file/d/1xD80YupbgUpphvWLiGHFOMcJG1ABaUWg/view?usp=sharing',1,1,0,18,'18屆第一次教育委員會會議紀錄 ','2019-12-02'),(9,'https://drive.google.com/file/d/1mlEWIaj_eqIe4Vq7FUNOJCpRKyEXSHwI/view?usp=sharing',1,3,0,18,'18屆第二次公關委員會會議紀錄','2020-02-10'),(10,'https://drive.google.com/file/d/19r-__Fyt5PbleVgODHeqgf97yWnGMCXi/view?usp=sharing',1,2,0,18,'18屆第一次技職委員會工作計畫會議紀錄','2019-12-02'),(11,'https://drive.google.com/file/d/1NqPLdppRMp17x5iv0xCs3nnhjHMO2pCp/view?usp=sharing',1,1,0,18,'18屆第二次教育委員會會議紀錄 ','2020-02-10'),(12,'https://drive.google.com/file/d/1TxVzwDQpuS33RodlvAZ5hODmp2d4AGTU/view?usp=sharing',1,5,0,18,'18屆第一次法政委員會會議紀錄','2019-12-02'),(13,'https://drive.google.com/file/d/14Ubx7acW13poNdERNIDbWY2-QFgfU5fg/view?usp=sharing',1,6,0,18,'18屆第一次資訊委員會會議紀錄','2019-12-02'),(14,'https://drive.google.com/file/d/1Zz0Um2WKCy5FST_8rMcsq870rkmLk9az/view?usp=sharing',1,5,0,18,'【教育局】修正台北市學生家長會相關法規第2次研商會議會議紀錄','2019-12-27'),(15,'https://drive.google.com/file/d/1zIZwlSa1gbPZJn41anp6aIpkhPx_ughm/view?usp=sharing',1,3,0,18,'孔廟包高中活動一籌會議','2020-02-29'),(16,'https://drive.google.com/file/d/1pD-Nf-iB65Qz0rgb5vNy-AR95mpUg7eX/view?usp=sharing',1,5,0,18,'【教育局】修正台北市學生家長會相關法規第3次研商會議會議紀錄','2020-02-21'),(17,'https://drive.google.com/file/d/1KSVEyZ_2mmyf-JD6bS11D8IevNkzZxyp/view?usp=sharing',1,1,0,18,'18屆第三次教育委員會會議紀錄 ','2020-03-25'),(18,'https://drive.google.com/file/d/1eYmLE98l5xAp9Rfp25pHiuXlbQoNnIzp/view?usp=sharing',1,0,0,18,'18屆第二次理監事聯席會議會議記錄','2020-03-27'),(19,'https://drive.google.com/file/d/1hJhvSVB5AJiWT7PI8_QKMLHdO3ccUxLn/view?usp=sharing',1,3,0,18,'孔廟包高中活動二籌會議紀錄','2020-03-27'),(20,'https://drive.google.com/file/d/1BmUV5o-E5cmu995h7LxUl89o2egHb5PU/view?usp=sharing',1,3,0,18,'孔廟包高中活動三籌會議紀錄','2020-04-08'),(21,'https://drive.google.com/file/d/1aS659MDfWoC2VyHkWyfgFtH1qQds6t-N/view?usp=sharing',1,1,0,18,'18屆第四次教育委員會會議紀錄 ','2020-05-13'),(22,'https://drive.google.com/file/d/1mkYJ8XFQRsM5tpyYQyPhhNOuiMaiaqeE/view?usp=sharing',1,3,0,18,'18屆第三次公關委員會會議會議','2020-07-06'),(23,'https://drive.google.com/file/d/1mkYJ8XFQRsM5tpyYQyPhhNOuiMaiaqeE/view?usp=sharing',1,4,0,18,'18屆第二次特教、公關委員會聯席會議記錄','2020-07-06'),(24,'https://drive.google.com/file/d/1c-JCYau8I7OMtg2bJ4uRfIR89PWbqbdj/view?usp=sharing',1,0,0,18,'18屆第三次理監事聯席會議會議記錄','2020-08-12'),(25,'https://drive.google.com/file/d/1F8edPEl0R81tJILBOp5cH75oUEHye3hb/view?usp=sharing',1,1,0,18,'18屆第五次教育委員會會議紀錄 ','2020-09-24'),(26,'https://drive.google.com/file/d/1JNtWmGZTK3BNehz4odCroPHh4ov605LF/view?usp=sharing',1,0,0,18,'18屆第四次理監事聯席會議會議記錄','2020-10-29'),(27,'https://drive.google.com/file/d/1ZRtiYLxdVnANuLZ3-kSZDF_OsjKK7YR9/view?usp=sharing',1,0,0,19,'19屆第一次會員代表大會會議記錄','2020-11-22'),(28,'https://drive.google.com/file/d/1jqlAZecVa_3Qej-HPs-rT5S3qd7JMiNt/view?usp=sharing',5,0,0,8,'第一次會員代表大會會議記錄','2018-12-03'),(29,'https://drive.google.com/file/d/1VN_v7YehECujQNvrIr9m8L44_u8w_XOU/view?usp=sharing',5,2,0,8,'第一次理事會會議記錄','2018-12-03'),(30,'https://drive.google.com/file/d/1i9p5N2pxAysF-BPAM4QnTHahFEJyYamF/view?usp=sharing',5,3,0,8,'第一次監事會會議記錄','2018-12-03'),(31,'https://drive.google.com/file/d/1gQMByhsmQEcrEDVafqWN4aQkulNuC-wc/view?usp=sharing',5,1,0,8,'第一次常務理監事暨授證籌備會','2019-01-20'),(32,'https://drive.google.com/file/d/1Kir0gYTSa7u0W9_LfHpAUSI-AIHPw1vP/view?usp=sharing',5,4,0,8,'第一次理監事聯席會議','2019-03-10'),(33,'https://drive.google.com/file/d/1AmD392fKo3todJTovvgF1ZVP69tTko7W/view?usp=sharing',5,4,0,8,'第二次理監事聯席會議','2019-05-18'),(34,'https://drive.google.com/file/d/1aecNffgPrzbbK-cMZazn9AsbN7jZsmrK/view?usp=sharing',5,4,0,8,'第三次理監事聯席會議','2019-09-22'),(35,'https://drive.google.com/file/d/1L0Qocm3WEC6qGTvFEz4DS0wzceWe6_wz/view?usp=sharing',5,4,0,8,'第四次理監事聯席會議','2019-11-16'),(36,'https://drive.google.com/file/d/1LaNHvKA9tXjqsEnVtKgTFQixb0bfiNXL/view?usp=sharing',5,3,0,8,'第二次監事會會議記錄','2019-12-21'),(37,'https://drive.google.com/file/d/1-uNVf0Cdr2Tu3kRko6ZMcBH0riFIDXRq/view?usp=sharing',5,0,0,8,'第二次會員代表大會會議記錄','2019-12-28'),(38,'https://drive.google.com/file/d/16eWVSBtv5TYsk2sQ-swg9T7teO4jZt8X/view?usp=sharing',5,3,0,8,'第三次監事會會議記錄','2020-01-30'),(39,'https://drive.google.com/file/d/1Ny1ZYHPUqBh1-JUlXPzTZBL5_JnymqiZ/view?usp=sharing',5,4,0,8,'第五次理監事聯席會議','2020-07-11'),(40,'https://drive.google.com/file/d/1pysOJ0e_UVqsaaoeYIStJy7JXKOO6RB2/view?usp=sharing',5,4,0,8,'第六次理監事聯席會議','2020-08-22'),(41,'https://drive.google.com/file/d/1tgdOHMbLxl04WY6GI-INiAmUcCD0gfem/view?usp=sharing',5,4,0,8,'第七次理監事聯席會議','2020-10-25'),(42,'https://drive.google.com/file/d/1pHts2mHIGgai50wrCWo2FNa0NaQerpnL/view?usp=sharing',5,1,0,8,'第一次常務理事會','2020-11-11'),(43,'https://drive.google.com/file/d/1KE6eRfMObqmXbkHZXSNi-noluqd3UMU2/view?usp=sharing',3,7,0,19,'第一次工作會議會議紀錄','2020-12-05'),(44,'https://drive.google.com/file/d/1gttNynWjnTgEqpD3NsgXwcS9n74893x-/view?usp=sharing',2,0,0,20,'第三次理監事聯席會議會議紀錄','2022-07-15'),(45,'https://drive.google.com/file/d/1xtcPHxYymMWJUeSoWAGq-V6jpg3BFZIU/view?usp=sharing',3,99,0,20,'陽明山會務研習－臺北市國中學生家長會聯合會組織及會務介紹（劉一寬總會長）','2022-10-29'),(46,'https://drive.google.com/file/d/1HWhPJA703hUH7sRZzzNwbgmMAA2vHHg8/view?usp=sharing',3,99,0,20,'陽明山會務研習－優質領導的角色與責任（林曉儀榮譽總會長）','2022-10-29'),(47,'https://drive.google.com/file/d/1yF4-NLPINPuTatKF49Rst4-mBzt65jQZ/view?usp=sharing',3,99,0,20,'陽明山會務研習－全能家長會務運作秘笈分享（吳政鴻監事長）','2022-10-29'),(48,'https://drive.google.com/file/d/1pqJrLkB2KWnfS_Xfq6UjqkSEIvgZ_4wG/view?usp=sharing',3,99,0,20,'陽明山會務研習－家長會財務管理及實務運用（劉一寬總會長）','2022-10-29'),(49,'https://drive.google.com/file/d/1J_D__zGkpzLermpWD2_Bgvjc5DgkSPKJ/view?usp=sharing',3,99,0,20,'陽明山會務研習－會議主持及議事規則（鍾耀通）','2022-10-29'),(50,'https://drive.google.com/file/d/1RgmhNvxcJPij9esQ2HU7jSB88lFYqvHB/view?usp=sharing',3,0,0,20,'臺北市國中聯合會20屆第一次會員代表大會會議紀錄','2021-11-21'),(51,'https://drive.google.com/file/d/1_a74A3MP4DIUNvgPk1tpLIYWpkfewias/view?usp=sharing',3,0,0,20,'第一次理監事聯席會議紀錄','2021-12-07'),(52,'https://drive.google.com/file/d/17MPT-pGLV-jIu4wMzvMVTeNRfLT2-FO9/view?usp=sharing',3,0,0,20,'第二次理監事聯席會議紀錄','2022-03-21'),(53,'https://drive.google.com/file/d/1cpkmF2SQlngtvBrJ02qGizjBssCRvVVm/view?usp=sharing',3,0,0,20,'第三次理監事聯席會議紀錄','2022-07-31'),(54,'https://drive.google.com/file/d/0BxhVRvqpoUhNTC1KZGYwR3UycUk/view?usp=sharing&resourcekey=0-Tu1x--DZF9ZlAiEdp8XnWg',3,7,0,13,'教育委員會第一次工作會議紀錄','2014-12-08'),(55,'https://drive.google.com/file/d/0BxhVRvqpoUhNYjNOaE0tMzk4SW8/view?usp=sharing&resourcekey=0-sNZY7sFxhy_wkXyS0JtrRA',3,0,0,14,'第一次理監事聯席會議會議紀錄','2015-11-08'),(56,'https://drive.google.com/file/d/0BxhVRvqpoUhNamx6ZDRYbV93RVE/view?usp=sharing&resourcekey=0-ZO7dLMdmEOhcB-J_LNX4MA',3,99,0,14,'陽明山會務研習－家長會會務資訊網路科技化（介壽國中會長 劉智漢）','2016-04-09'),(57,'https://drive.google.com/file/d/0BxhVRvqpoUhNUFFHaHR6RHhBaEE/view?usp=sharing&resourcekey=0-GBdJaqPGoT8SKMcZs8mrYA',3,99,0,14,'陽明山會務研習－從教室啟航的世界壯遊之旅（民生國中 葉芳吟）','2016-04-09'),(58,'https://drive.google.com/file/d/0BxhVRvqpoUhNTjhydlpxdHV4TW8/view?usp=sharing&resourcekey=0-NYf8Yqq093kd2nlmzRaQpA',3,0,0,15,'第一次理監事聯席會議','2016-11-29'),(59,'https://drive.google.com/file/d/0BxhVRvqpoUhNc0h5b0dJamVUQkk/view?usp=sharing&resourcekey=0-tQcCWKBkie_HUdvB0v2kmQ',3,99,0,15,'市立國民中學校長遴選作業說明','2018-04-17'),(60,'https://drive.google.com/file/d/0BxhVRvqpoUhNTWw0R014dVVkSUU/view?usp=sharing&resourcekey=0-Mxa_IPPewfm_VmpPWlx1Dg',3,1,0,15,'程序法政法政委員會第一次工作會議紀錄','2016-12-12'),(61,'https://drive.google.com/file/d/1nPzs0H3KGtAE6Zv3t6KLv6CjKWgUMfN5/view?usp=sharing',3,0,0,16,'第一次理監事聯席會議會議紀錄','2017-11-26'),(62,'https://drive.google.com/file/d/1KE6eRfMObqmXbkHZXSNi-noluqd3UMU2/view?usp=sharing',3,3,0,19,'校際聯誼委員會第一次工作委員會會議紀錄','2020-12-05'),(63,'https://drive.google.com/file/d/1XbzguhswBSv9PCrdKXE8lVopapMKrL3I/view?usp=sharing',3,0,0,19,'第一次理監事聯席會議會議紀錄','2020-11-25'),(64,'https://drive.google.com/file/d/1if8TWMFa74kQEJM0NztlfvfXysmiHskp/view?usp=sharing',3,0,0,19,'第一次會員代表大會會議紀錄','2020-11-08'),(65,'https://drive.google.com/file/d/1K0JJlLtIl5lEp2g8d5_QrJfNV0p9U063/view?usp=sharing',3,0,0,18,'第一次理監事聯席會議紀錄','2019-12-10'),(66,'https://drive.google.com/file/d/1F_tl2W36xoKQqTqRBFrBcoVOOJ5wEf2J/view?usp=sharing',3,4,0,18,'特教委員會年度工作計畫表','2019-03-17'),(67,'https://drive.google.com/file/d/1ZCsThxNM7sqjnDDdmmnu2sc-iKHaoLvd/view?usp=sharing',3,2,0,18,'體育衛生委員會年度工作計畫表','2019-03-17'),(68,'https://drive.google.com/file/d/14V-ToyBIMssTxC9CypOxf6P43KHg7p0l/view?usp=sharing',3,3,0,18,'公關聯誼委員會年度工作計畫表','2019-03-17'),(69,'https://drive.google.com/file/d/1G87x6cAkmlSuq6p7ITxzRphT0l3rm9-r/view?usp=sharing',3,99,0,18,'18屆各委員會工作職責與任務說明','2019-03-17'),(70,'https://drive.google.com/file/d/1gIdGjAhj2dHaZVLoZwfGoicgXow4ZXBc/view?usp=sharing',3,99,0,18,'臺北市公立國民中小學冷氣空調需求評估、裝設募款及收費作業流程圖(民國 107 年試辦版)','2018-06-04'),(71,'https://drive.google.com/file/d/1aGkPW0S7L9ZCh4xMEXIM97mk-WIbD-eh/view?usp=sharing',3,99,0,18,'18屆會務行事曆','2019-11-13'),(72,'https://drive.google.com/file/d/1Ws384xVFRARgO-aHO71mWh87vBNo6Ygh/view?usp=sharing',3,99,0,17,'會務運作電子化及傳承實務體驗營（劉智漢）','2019-01-10'),(73,'https://drive.google.com/file/d/1GZzjwQQO5CpcWYtEkjCVUxDTOEM7sKD1/view?usp=sharing',2,0,0,20,'第四次理監事聯席會議紀錄','2022-10-28'),(74,'https://drive.google.com/file/d/1YD_hfpwdr8_RgrlvjcVJARjI_nr_ZVzS/view?usp=sharing',3,98,0,21,'第二十一屆會員代表大會通知函－國中聯合會','2022-11-07'),(75,'https://drive.google.com/file/d/1eGwGU0T1GvJ9k377JMlVLZGQGZVC4oJv/view?usp=sharing',3,90,0,21,'第二十一屆會員大會秘書處工作分配點檢表','2022-11-20'),(76,'https://drive.google.com/file/d/1Pqc3HE4nXP3pERYJsjZtDLSZ9coCMBaf/view?usp=sharing',3,0,0,20,'第四次理監事聯席會議紀錄','2022-10-31'),(77,'https://drive.google.com/file/d/1JYW7lPlLhfROoXHFqbIg-6UQZEUMgSGI/view?usp=sharing',3,0,0,21,'第一次會員代表大會會議紀錄','2022-11-20'),(78,'https://drive.google.com/file/d/1ZhZ7umi0EoSPxM5nhLavonIBGbescozE/view?usp=sharing',3,98,0,21,'第一次理監事聯席會議開會通知單','2022-12-08'),(79,'https://drive.google.com/file/d/1Pm9i5GZun9Et9PcP90Jg4wxPOiJCqKOX/view?usp=sharing',3,98,0,20,'20屆工作委員會總召及監事、祕書處人員名單','2022-12-08'),(80,'https://drive.google.com/file/d/1nM9ARp25a-vUVlCvMWt0m_r2YlsAKAUO/view?usp=sharing',3,98,0,20,'第二十一屆會員大會祕書處工作分配點檢表','2022-12-08'),(81,'https://docs.google.com/document/d/1ofqNSKO0DmtLT7yopgMiu0VdlaBURsRl/edit?usp=sharing&ouid=103906786954646300457&rtpof=true&sd=true',3,98,0,20,'109學年度臺北市國中學生家長會教育議題專修研習班實施計畫（docx）','2022-12-08'),(82,'https://drive.google.com/file/d/1uiWBmEtF0xqajXsWRXgSVE_T6vXADYZ2/view?usp=sharing',3,98,0,19,'110 學年度臺北市國中學生家長會會務專修研習班實施計畫','2022-12-08'),(83,'https://drive.google.com/file/d/1p6LuBCGofwn14ZXaA9wUFggioAkSHat2/view?usp=sharing',3,98,0,20,'110學年度學生家長會聯合會聯合授證流程草案','2022-12-08'),(84,'https://drive.google.com/file/d/1Of_IZOoPSxUGWx8h4Uk2WLX3FfaGTy1S/view?usp=sharing',3,99,0,13,'臺北市建國中學校區平面圖','2022-12-16'),(85,'https://drive.google.com/file/d/1KdQYHls_W-ZHWeNSR4UKKJZ2VV6AtDLN/view?usp=sharing',3,99,0,13,'臺北市建國中學教室配置圖','2022-12-16'),(87,'https://drive.google.com/file/d/0BxhVRvqpoUhNQmhmZDlweFNGM1U/view?usp=sharing&resourcekey=0-PNmjk9mcyxFhMaBYEbGuhQ',3,98,0,13,'北市中家聯儀字第103015號 籲請桶餐業者針對禽流感做出因應','2015-01-15'),(88,'https://drive.google.com/file/d/0BxhVRvqpoUhNQ0FKU1ZTUm1ORGc/view?usp=sharing&resourcekey=0-YOmK9LWseWrADYebMa2V0g',3,4,0,13,'北市中家聯儀字第103011號『104 特殊教育生家長之交流座談會』活動計劃','2015-02-07'),(89,'https://drive.google.com/file/d/0BxhVRvqpoUhNS0pqZTBvV3JRLU0/view?usp=sharing&resourcekey=0-cwVtvwrGUxJIgEhuOKSVDg',3,98,0,13,'北市中家聯儀字第103011號『104 特殊教育生家長之交流座談會』活動計劃','2015-02-07'),(90,'https://drive.google.com/file/d/0BxhVRvqpoUhNbTQtQmR6WEdvZTQ/view?usp=sharing&resourcekey=0-p2Bm40hU6VRO7_noauMIzA',3,98,0,14,'開會通知：第十四屆第一次資訊委員會會議','2015-12-02'),(91,'https://docs.google.com/presentation/d/0BxhVRvqpoUhNQnVuUGxRMXVFNFE/edit?usp=sharing&ouid=103906786954646300457&resourcekey=0-nsKO7TBfq83j2jBUCkEUIw&rtpof=true&sd=true',3,99,0,14,'陽明山會務研習：家長會的管理與問題討論（總會長 許孝仁）','2016-04-09'),(92,'https://docs.google.com/presentation/d/0BxhVRvqpoUhNWHRMemE0NnJOd3M/edit?usp=sharing&ouid=103906786954646300457&resourcekey=0-M47faQZ3qwjiJx2kIzRVGw&rtpof=true&sd=true',3,99,0,14,'陽明山會務研習：從美學談會議經營與領導（松青扶輪社 林青龍）','2016-04-09'),(93,'https://docs.google.com/presentation/d/0BxhVRvqpoUhNLWJzVVRZMmoyaE0/edit?usp=sharing&ouid=103906786954646300457&resourcekey=0-rR_3lgGCCGvuY3hI64qAdg&rtpof=true&sd=true',3,99,0,14,'市立國民中學校長遴選作業說明','2016-03-02'),(94,'https://drive.google.com/file/d/0BxhVRvqpoUhNSkNMcUFMUzVXMDg/view?usp=sharing&resourcekey=0-LFU8ykYFDZPrgn35XgL8Vw',3,98,0,14,'開會通知：第十四屆學生福利委員會第一次工作會議','2015-12-01'),(95,'https://docs.google.com/presentation/d/0BxhVRvqpoUhNQ3ZWMEp4cC1VSzQ/edit?usp=sharing&ouid=103906786954646300457&resourcekey=0-8-bhOaXPDNTgGxWAn3f-aA&rtpof=true&sd=true',3,99,0,13,'適性與選擇—基北區104年免試入學選填志願策略地圖（孫明峯）','2015-06-12'),(96,'https://drive.google.com/file/d/0BxhVRvqpoUhNR191RUFodXlDU2M/view?usp=sharing&resourcekey=0-g5Wr1hM19V5PKGzb0Xle-g',3,99,0,13,'新北市 104 學年度公立高級中等學校優先免試入學招生簡章','2015-01-23'),(97,'https://drive.google.com/file/d/0BxhVRvqpoUhNdkFIQ0lORTlPSk0/view?usp=sharing&resourcekey=0-GykUkys6p2NqMZqdUbxuSQ',3,99,0,13,'臺北市國中學生家長會聯合會九工作委員會十七工作組職責與任務說明','2014-12-23'),(98,'https://drive.google.com/file/d/0BxhVRvqpoUhNN2dxRHB0Rml6NEk/view?usp=sharing&resourcekey=0-SlH4BwdGcX-CbId1ACUOGA',3,99,0,14,'國中教育會考問與答（臺師大）','2015-10-23'),(99,'https://drive.google.com/file/d/1vuJQVb8ibFjbUMZb8qyTYAYUw1tYBrXo/view?usp=sharing',3,98,0,21,'各校學生家長會參與聯合會一覽表','2022-12-08'),(100,'https://drive.google.com/file/d/1vuJQVb8ibFjbUMZb8qyTYAYUw1tYBrXo/view?usp=sharing',3,98,0,21,'各校學生家長會參與聯合會一覽表','2022-11-01'),(101,'https://drive.google.com/file/d/1Orxp5Jj9x52epQThwAxnBoRgOG-AUb8J/view?usp=sharing',3,99,0,21,'112國中校長遴選作業辦法說明計實務研討','2023-02-22'),(102,'https://drive.google.com/file/d/1Yr3S2qDwnL8ZIlP4la8R-iazfhZCJcgR/view?usp=sharing',3,99,0,21,'112會考準備策略（龍門國中）－理化講義','2023-04-08'),(103,'https://drive.google.com/file/d/1cF_sEWUPpIbJLoMVge6qdmQ1Tzw--qQz/view?usp=sharing',3,99,0,21,'112會考準備策略（龍門國中）－自然科+生物科趨勢分析與複習策略-王美玲老師','2023-04-08'),(104,'https://drive.google.com/file/d/1yRA0EmoFjc4NVzL9lkj7f2bwMfmeXGtJ/view?usp=sharing',3,99,0,21,'112會考準備策略（龍門國中）－地球科學','2023-04-08'),(105,'https://drive.google.com/file/d/15VaGVemCqOXulpYgFLQGJTmil9x-iYec/view?usp=sharing',3,99,0,21,'會務研習－家長會務運作與實務探討','2023-04-22'),(106,'https://drive.google.com/file/d/1xbCRm5iMxLs7aVqnfNedtA8kYWfiRRw7/view?usp=sharing',3,98,0,22,'北市中家聯琦字第 11212001 號－繳交家長會回合會會費函','2023-12-20'),(107,'https://drive.google.com/file/d/1_XfIUoRyoqA3g2bfY6g88oNVvvtvzqWG/view?usp=sharing',3,98,0,22,'第 22 屆第一次監事會議開會通知單','2023-12-17'),(108,'https://drive.google.com/file/d/1xeIwGqsBWP5VRZdv5Q9pQt2VH9WPjpKr/view?usp=sharing',3,98,0,22,'北市中家聯寬字第 112110301 號-第二十二屆第一次會員代表大會開會通知單','2023-11-03'),(109,'https://drive.google.com/file/d/1VUrEi7r_xzR8QPO5TAPVju9cJrDzmOgU/view?usp=sharing',3,0,0,22,'第一次會員代表大會會議紀錄','2022-11-25'),(110,'https://drive.google.com/file/d/1YGq2lUbEZO3s6e5Pq8qUtwvRbgTIOy4S/view?usp=sharing',3,0,0,22,'第一次理事會議會議紀錄','2022-12-15'),(111,'https://drive.google.com/file/d/1FDm2iCWcRRANYSO8eWgZtp-yzAEjG8k5/view?usp=sharing',3,0,0,22,'第一次監事會議會議紀錄','2022-12-19'),(112,'https://drive.google.com/file/d/1ntgU84bi7Gp4306wHfnXs1xwS_6DftOd/view?usp=sharing',3,99,0,22,'<投影片> 英語閱讀趨勢與準備','2024-03-16'),(113,'https://drive.google.com/file/d/1DwP8Va7Ji9O-dX8cxZMYvJ2bK2ufLzyx/view?usp=sharing',3,98,0,22,'臺北市辦理113年度第1梯次新住民語文教學支援人員培訓資格班，上課日期：4/20(六)、4/27(六)、5/4(六)、5/11(六)、5/25(六)','2024-04-20');
/*!40000 ALTER TABLE `recordz` ENABLE KEYS */;
UNLOCK TABLES;

--
-- Table structure for table `schools`
--

DROP TABLE IF EXISTS `schools`;
/*!40101 SET @saved_cs_client     = @@character_set_client */;
/*!40101 SET character_set_client = utf8 */;
CREATE TABLE `schools` (
  `schoolID` int(11) NOT NULL AUTO_INCREMENT,
  `name` varchar(30) NOT NULL,
  `abbr` varchar(20) NOT NULL DEFAULT '"0"' COMMENT '縮寫',
  `sortSerial` int(11) NOT NULL DEFAULT '0',
  `cityID` int(11) NOT NULL DEFAULT '1',
  `imgUrl` varchar(254) NOT NULL COMMENT '學校logo',
  `address` varchar(254) NOT NULL,
  `isPrivate` smallint(6) NOT NULL DEFAULT '0' COMMENT '0)公立 1)私立',
  `typez` smallint(6) NOT NULL DEFAULT '0' COMMENT '0)普通型高級中等學校 1)技術型高級中等學校 2)綜合型高級中等學校 3)特殊教育學校 4)國中 5)國小 6)國際學校 7)大學',
  `menoz` text NOT NULL,
  `section` varchar(4) NOT NULL COMMENT '區域：東南西北',
  PRIMARY KEY (`schoolID`)
) ENGINE=InnoDB AUTO_INCREMENT=46 DEFAULT CHARSET=utf8;
/*!40101 SET character_set_client = @saved_cs_client */;

--
-- Dumping data for table `schools`
--

LOCK TABLES `schools` WRITE;
/*!40000 ALTER TABLE `schools` DISABLE KEYS */;
INSERT INTO `schools` VALUES (1,'大安高工','\"0\"',1,1,'https://i.imgur.com/8vamSNx.png','10664 臺北市大安區復興南路2段52號',0,1,'技術高中部\r\n機械群（機械科、製圖科、綜合高中部-機械技術學程）\r\n動力機械群（汽車科）\r\n電機電子群（電子科、電機科、資訊科、控制科、冷凍空調科、綜合高中部-資訊電子學程、綜合高中部-電機控制學程）\r\n土木建築群（建築科、綜合高中部-建築技術學程）\r\n設計群（圖文傳播科（原印刷科））\r\n綜合高中部\r\n進修部（電子科、電機科、機械科、汽車科、建築科、圖文傳播科）\r\n特殊教育（綜合職能科(108年度前)、餐飲服務科(108年度起)）',''),(2,'松山工農','\"0\"',2,1,'https://i.imgur.com/lnH3ueP.png','11060 臺北市信義區忠孝東路5段236巷15號',0,1,'電機電子群（電機科、電子科、資訊科）\r\n機械群（機械科）\r\n動力機械群（汽車科）\r\n化工群（化工科）\r\n農業群（園藝科）\r\n食品群（食品加工科）\r\n綜合高中\r\n綜合職能科',''),(3,'南港高工','\"0\"',3,1,'https://i.imgur.com/iDno1ek.png','11579 臺北市南港區興中路29號',0,1,'重機科、模具科、鑄造科、電子科、土木科、建築科、汽車科、冷凍空調科、電機科、機械科、水電技術科、汽車修護科、機械加工科、綜合高中、體育班、綜合職能班（資源班）門市服務科',''),(4,'松山家商','\"0\"',4,1,'https://i.imgur.com/BTyXnpG.png','11080 臺北市信義區松山路655號',0,1,'',''),(5,'內湖高工','\"0\"',5,1,'https://i.imgur.com/KtUZ8Fz.png','11493 臺北市內湖區內湖路一段520號',0,1,'電機科、電子科、資訊科、控制科、冷凍空調科、應用外語科（英文組）、綜合職能科、體育班',''),(6,'木柵高工','\"0\"',6,1,'https://i.imgur.com/TTcQXXu.png','11656 臺北市文山區木柵路四段77號',0,1,'鑄造科、配管科、電機科、冷凍科、電子科、機械科、模具科、製圖科、綜合高中、綜合職能科',''),(7,'士林高商','\"0\"',7,1,'','11165 臺北市士林區士商路150號',0,1,'商業經營科（含進修部）、會計事務科、應用外語科（含進修部）、國際貿易科（含進修部）、資料處理科、廣告設計科、綜合職能科、體育班',''),(8,'惇敘工商','\"0\"',7,1,'','',0,1,'',''),(9,'育達商職','\"0\"',9,1,'','',0,1,'',''),(10,'稻江商職','\"0\"',10,1,'','',0,1,'',''),(11,'喬治工商','\"0\"',11,1,'','',0,1,'',''),(12,'協和祐德','\"0\"',12,1,'','',0,1,'',''),(13,'東方工商','\"0\"',13,1,'','',0,1,'',''),(14,'開南商工','\"0\"',14,1,'','',0,1,'',''),(15,'稻江護家','\"0\"',15,1,'','',0,1,'',''),(16,'華岡藝校','\"0\"',16,1,'','',0,1,'',''),(17,'開平餐飲','\"0\"',17,1,'','',0,1,'',''),(18,'金甌女中','\"0\"',18,1,'','',0,1,'',''),(19,'景文高中','\"0\"',19,1,'','',0,1,'高職部：資訊科、商經科、應英科、廣設科、室設科\r\n高中部：文理資優班、國際語文班、數理資優班、文法財管班、國際領袖實驗班',''),(20,'泰北高中','\"0\"',20,1,'','',0,1,'',''),(21,'滬江高中','\"0\"',21,1,'','',0,1,'',''),(22,'強恕高中','\"0\"',22,1,'','',0,1,'',''),(23,'幼華高中','\"0\"',23,1,'','',0,1,'',''),(24,'私立大同','\"0\"',24,1,'','',0,1,'',''),(25,'南華高中','\"0\"',26,1,'','',0,1,'',''),(26,'志仁高中','\"0\"',26,1,'','',0,1,'',''),(27,'文山特教','\"0\"',28,1,'','',0,1,'',''),(28,'啟明學校','\"0\"',29,1,'','',0,1,'',''),(29,'啟智學校','\"0\"',30,1,'','',0,1,'',''),(30,'啟聰學校','\"0\"',31,1,'','',0,1,'',''),(31,'靜修女中','\"0\"',32,1,'','',0,1,'',''),(32,'亞東技術學院','\"0\"',999,2,'https://i.imgur.com/ZrbAZp4.jpg','220新北市板橋區四川路二段58號',1,5,'',''),(33,'德明財經科技大學','\"0\"',999,2,'https://i.imgur.com/G5PRhNQ.png','114台北市內湖區環山路一段56號',1,5,'https://i.imgur.com/LjQSMrA.png',''),(34,'景文科技大學','\"0\"',999,2,'https://i.imgur.com/E0o4gWn.png','231新北市新店區安忠路99號',1,5,'https://i.imgur.com/SzhxxNV.jpg',''),(35,'聖約翰科技大學','\"0\"',999,2,'https://i.imgur.com/mfgyYH8.png','251新北市淡水區淡金路四段499號',1,5,'https://i.imgur.com/0xA9hZ6.jpg',''),(36,'中國科技大學','\"0\"',999,2,'https://i.imgur.com/p2011zz.jpg','116台北市文山區興隆路三段56號',1,5,'https://i.imgur.com/0xA9hZ6.jpg\r\nhttps://i.imgur.com/mfgyYH8.png',''),(37,'龍華科技大學','\"0\"',999,2,'https://i.imgur.com/f5qaN4e.jpg','桃園市龜山區萬壽路一段300號',1,5,'https://i.imgur.com/0xA9hZ6.jpg\r\nhttps://i.imgur.com/mfgyYH8.png',''),(38,'東南科技大學','\"0\"',999,2,'','222新北市深坑區北深路三段152號',1,5,'',''),(39,'誠正國中','\"0\"',18,1,'','臺北市南港區富康街1巷24號',0,1,'','東'),(40,'西湖國中','\"0\"',4,1,'','',0,4,'','東'),(41,'東湖國中','\"0\"',5,1,'','',0,4,'','東'),(42,'明湖國中','\"0\"',6,1,'','',0,4,'','東'),(43,'達人女中(國中部)','\"0\"',7,1,'','',0,4,'','東'),(44,'方濟高中(國中部)','\"0\"',8,1,'','',0,4,'','東'),(45,'介壽國中','\"0\"',9,1,'','',0,4,'','東');
/*!40000 ALTER TABLE `schools` ENABLE KEYS */;
UNLOCK TABLES;

--
-- Table structure for table `sender`
--

DROP TABLE IF EXISTS `sender`;
/*!40101 SET @saved_cs_client     = @@character_set_client */;
/*!40101 SET character_set_client = utf8 */;
CREATE TABLE `sender` (
  `senderID` int(11) NOT NULL AUTO_INCREMENT,
  `senderName` varchar(30) NOT NULL,
  `senderImage` varchar(120) NOT NULL,
  `meno` text NOT NULL,
  PRIMARY KEY (`senderID`)
) ENGINE=InnoDB AUTO_INCREMENT=8 DEFAULT CHARSET=utf8;
/*!40101 SET character_set_client = @saved_cs_client */;

--
-- Dumping data for table `sender`
--

LOCK TABLES `sender` WRITE;
/*!40000 ALTER TABLE `sender` DISABLE KEYS */;
INSERT INTO `sender` VALUES (1,'todo','https://i.imgur.com/8cOy017.png','待辦事項管家'),(2,'問卷小幫手','https://i.imgur.com/pcN9SJj.png','問卷小幫手'),(3,'燦金','https://i.imgur.com/zXchoMR.png','教育局長'),(4,'帳密小幫手','https://i.imgur.com/p68my9a.png',''),(5,'translate','https://i.imgur.com/BBYaOur.png','翻譯小幫手'),(6,'阿中','https://i.imgur.com/4DWuaLW.png','聲明表填寫小幫手'),(7,'搜尋小幫手','https://i.imgur.com/oqm2GaK.png','搜尋Google Sheet');
/*!40000 ALTER TABLE `sender` ENABLE KEYS */;
UNLOCK TABLES;
/*!40103 SET TIME_ZONE=@OLD_TIME_ZONE */;

/*!40101 SET SQL_MODE=@OLD_SQL_MODE */;
/*!40014 SET FOREIGN_KEY_CHECKS=@OLD_FOREIGN_KEY_CHECKS */;
/*!40014 SET UNIQUE_CHECKS=@OLD_UNIQUE_CHECKS */;
/*!40101 SET CHARACTER_SET_CLIENT=@OLD_CHARACTER_SET_CLIENT */;
/*!40101 SET CHARACTER_SET_RESULTS=@OLD_CHARACTER_SET_RESULTS */;
/*!40101 SET COLLATION_CONNECTION=@OLD_COLLATION_CONNECTION */;
/*!40111 SET SQL_NOTES=@OLD_SQL_NOTES */;

-- Dump completed on 2024-03-21  2:39:58
